filename,width,height,class,xmin,ymin,xmax,ymax
001.jpg,995,509,no_hat,276,185,334,272
002.jpg,998,467,hat,472,9,604,151
003.jpg,913,441,hat,93,180,164,255
003.jpg,913,441,hat,290,88,336,185
003.jpg,913,441,hat,321,111,393,233
003.jpg,913,441,hat,405,158,484,272
003.jpg,913,441,no_hat,523,152,588,244
004.jpg,1004,451,hat,317,108,387,225
004.jpg,1004,451,hat,376,152,442,263
004.jpg,1004,451,no_hat,526,142,598,260
005.jpg,863,452,no_hat,238,28,275,89
005.jpg,863,452,hat,762,168,813,277
005.jpg,863,452,no_hat,812,138,850,206
006.jpg,781,403,no_hat,114,193,177,301
007.jpg,900,452,no_hat,353,86,387,140
008.jpg,792,508,hat,57,27,127,131
009.jpg,916,449,hat,431,12,480,97
010.jpg,756,460,hat,334,12,363,54
010.jpg,756,460,hat,683,102,719,158
011.jpg,819,440,no_hat,608,97,690,231
011.jpg,819,440,no_hat,100,256,202,408
012.jpg,862,455,hat,305,31,388,178
012.jpg,862,455,hat,218,6,264,69
013.jpg,867,445,hat,415,98,505,239
013.jpg,867,445,hat,430,276,520,386
013.jpg,867,445,hat,556,40,615,119
013.jpg,867,445,hat,681,15,724,78
014.jpg,939,397,hat,36,110,81,167
014.jpg,939,397,hat,688,155,729,201
015.jpg,751,499,hat,304,249,393,363
015.jpg,751,499,hat,313,1,395,79
016.jpg,542,419,no_hat,149,92,191,171
017.jpg,504,463,hat,424,261,484,329
018.jpg,624,443,hat,309,98,351,168
018.jpg,624,443,hat,445,103,487,170
019.jpg,780,476,hat,165,115,326,322
020.jpg,727,453,no_hat,333,26,375,133
020.jpg,727,453,no_hat,485,89,536,202
021.jpg,635,513,no_hat,287,1,333,65
022.jpg,763,502,no_hat,333,32,412,179
023.jpg,955,480,no_hat,232,110,328,269
024.jpg,859,486,hat,436,88,525,226
024.jpg,859,486,hat,536,78,602,185
025.jpg,737,456,hat,191,134,269,227
026.jpg,819,428,no_hat,380,98,459,222
026.jpg,819,428,no_hat,173,278,286,428
027.jpg,718,474,no_hat,50,110,113,202
028.jpg,669,590,no_hat,311,121,374,253
029.jpg,688,440,no_hat,177,296,248,391
030.jpg,548,363,no_hat,360,125,410,213
031.jpg,625,459,no_hat,73,81,138,193
031.jpg,625,459,no_hat,305,1,358,54
032.jpg,629,457,no_hat,261,1,298,68
032.jpg,629,457,no_hat,414,38,466,129
033.jpg,748,565,no_hat,439,167,501,298
033.jpg,748,565,no_hat,84,9,137,76
033.jpg,748,565,hat,373,20,410,78
033.jpg,748,565,no_hat,436,3,469,47
033.jpg,748,565,no_hat,332,1,363,38
034.jpg,667,497,no_hat,516,105,589,238
035.jpg,637,484,no_hat,264,36,318,102
036.jpg,653,516,hat,509,12,594,144
037.jpg,726,431,hat,31,173,172,300
038.jpg,738,364,hat,113,237,234,338
039.jpg,658,505,hat,263,53,322,146
040.jpg,587,428,hat,186,57,226,113
040.jpg,587,428,hat,264,15,298,52
041.jpg,684,438,no_hat,437,35,475,90
042.jpg,743,491,hat,187,119,260,229
042.jpg,743,491,hat,435,156,517,251
042.jpg,743,491,hat,305,34,345,98
042.jpg,743,491,hat,536,68,576,122
042.jpg,743,491,hat,542,18,568,55
042.jpg,743,491,no_hat,663,74,698,141
042.jpg,743,491,no_hat,211,16,255,79
042.jpg,743,491,no_hat,323,5,360,41
043.jpg,723,472,hat,101,143,250,364
044.jpg,691,454,hat,241,89,303,195
045.jpg,761,421,hat,185,69,240,127
045.jpg,761,421,hat,153,11,191,56
045.jpg,761,421,no_hat,504,75,542,133
046.jpg,542,427,hat,238,140,293,205
047.jpg,585,381,hat,170,1,208,52
047.jpg,585,381,hat,264,12,301,64
048.jpg,601,371,hat,84,38,114,74
048.jpg,601,371,hat,202,27,227,71
048.jpg,601,371,hat,240,25,258,53
048.jpg,601,371,hat,475,74,507,152
048.jpg,601,371,hat,475,116,561,176
049.jpg,717,422,no_hat,109,1,195,61
050.jpg,875,415,hat,264,233,356,328
051.jpg,715,476,no_hat,173,130,244,254
051.jpg,715,476,no_hat,356,259,449,383
051.jpg,715,476,no_hat,360,387,505,472
052.jpg,653,484,no_hat,207,6,439,127
053.jpg,841,415,hat,242,180,359,285
054.jpg,721,452,hat,202,24,272,112
055.jpg,686,370,no_hat,273,105,367,250
056.jpg,705,469,no_hat,250,61,394,245
057.jpg,980,507,no_hat,346,25,535,343
057.jpg,980,507,no_hat,654,87,827,413
058.jpg,761,442,no_hat,198,101,311,233
059.jpg,763,481,no_hat,252,192,392,326
059.jpg,763,481,no_hat,249,86,302,164
059.jpg,763,481,no_hat,222,52,263,125
060.jpg,847,476,hat,264,21,349,161
061.jpg,743,444,hat,237,61,357,273
062.jpg,686,479,hat,277,114,334,191
062.jpg,686,479,no_hat,211,107,261,202
063.jpg,735,489,no_hat,208,93,272,200
063.jpg,735,489,hat,147,18,177,55
063.jpg,735,489,hat,129,8,157,46
063.jpg,735,489,hat,223,1,252,28
064.jpg,604,506,hat,484,10,556,161
065.jpg,718,499,hat,330,121,365,184
065.jpg,718,499,hat,413,378,462,479
065.jpg,718,499,no_hat,358,120,385,168
066.jpg,667,468,hat,445,43,482,103
066.jpg,667,468,hat,396,14,431,70
066.jpg,667,468,hat,258,1,286,42
066.jpg,667,468,hat,190,1,225,23
066.jpg,667,468,hat,76,3,120,51
067.jpg,560,497,hat,3,99,97,215
068.jpg,612,430,hat,296,13,326,48
068.jpg,612,430,hat,153,101,192,137
068.jpg,612,430,hat,170,119,219,151
069.jpg,605,386,hat,217,2,251,35
069.jpg,605,386,hat,313,19,341,62
069.jpg,605,386,hat,332,31,374,63
070.jpg,705,448,hat,310,5,359,73
071.jpg,597,447,hat,203,99,264,180
071.jpg,597,447,hat,472,146,548,262
071.jpg,597,447,hat,560,3,587,49
072.jpg,645,410,hat,76,58,105,86
072.jpg,645,410,hat,268,24,302,70
073.jpg,738,503,hat,419,133,487,234
073.jpg,738,503,hat,116,1,180,40
074.jpg,740,407,hat,132,87,171,132
074.jpg,740,407,hat,244,75,272,122
074.jpg,740,407,hat,339,85,372,134
074.jpg,740,407,hat,345,60,372,89
074.jpg,740,407,hat,410,67,439,117
074.jpg,740,407,hat,437,70,470,112
074.jpg,740,407,hat,460,80,497,131
074.jpg,740,407,hat,530,98,563,162
075.jpg,650,498,hat,27,128,72,184
075.jpg,650,498,hat,53,103,80,145
075.jpg,650,498,hat,77,108,106,149
075.jpg,650,498,hat,188,97,220,148
075.jpg,650,498,hat,273,81,305,128
075.jpg,650,498,hat,356,103,394,151
075.jpg,650,498,hat,352,71,371,96
075.jpg,650,498,hat,375,85,397,128
075.jpg,650,498,no_hat,309,69,331,104
076.jpg,650,498,hat,28,127,70,181
076.jpg,650,498,hat,54,103,78,156
076.jpg,650,498,hat,72,110,103,146
076.jpg,650,498,hat,187,97,217,153
076.jpg,650,498,hat,273,80,302,133
076.jpg,650,498,hat,359,101,393,152
076.jpg,650,498,hat,373,84,396,133
076.jpg,650,498,hat,352,71,365,94
076.jpg,650,498,no_hat,311,66,332,104
077.jpg,516,540,hat,125,1,236,190
078.jpg,1038,544,hat,424,1,481,50
079.jpg,1039,547,no_hat,868,234,968,383
079.jpg,1039,547,no_hat,742,377,949,516
080.jpg,1032,555,hat,610,110,681,213
080.jpg,1032,555,hat,778,337,912,470
081.jpg,989,524,hat,227,219,311,315
081.jpg,989,524,hat,630,78,666,133
082.jpg,866,461,hat,87,294,122,347
082.jpg,866,461,hat,198,354,245,423
082.jpg,866,461,hat,477,378,515,437
083.jpg,1020,457,hat,244,189,307,298
083.jpg,1020,457,no_hat,673,93,710,152
083.jpg,1020,457,no_hat,626,79,657,138
083.jpg,1020,457,hat,41,105,94,176
084.jpg,947,501,hat,378,215,486,323
085.jpg,998,493,hat,440,247,502,327
085.jpg,998,493,hat,601,147,646,212
086.jpg,989,515,no_hat,479,211,599,405
086.jpg,989,515,no_hat,42,58,82,133
087.jpg,988,456,hat,429,1,529,68
088.jpg,961,503,hat,264,62,447,214
089.jpg,893,522,hat,383,157,464,241
089.jpg,893,522,hat,753,139,816,242
089.jpg,893,522,hat,659,16,707,74
089.jpg,893,522,hat,629,1,664,24
089.jpg,893,522,no_hat,456,6,500,57
089.jpg,893,522,no_hat,434,1,475,41
090.jpg,968,487,hat,123,268,220,373
091.jpg,992,408,hat,601,1,626,26
092.jpg,881,449,hat,521,17,562,56
092.jpg,881,449,hat,590,15,627,58
093.jpg,822,452,hat,373,25,400,76
093.jpg,822,452,hat,440,18,473,65
094.jpg,980,505,hat,553,6,643,121
095.jpg,776,534,hat,62,65,164,166
095.jpg,776,534,hat,671,13,749,118
096.jpg,995,537,hat,253,57,365,203
096.jpg,995,537,hat,364,48,487,158
097.jpg,953,481,hat,663,21,744,153
097.jpg,953,481,hat,531,29,647,105
097.jpg,953,481,hat,27,25,94,88
098.jpg,809,574,hat,29,222,168,386
098.jpg,809,574,hat,538,23,634,109
098.jpg,809,574,hat,41,23,103,92
098.jpg,809,574,hat,266,1,305,40
099.jpg,846,541,no_hat,665,61,729,153
100.jpg,880,456,no_hat,689,62,739,155
100.jpg,880,456,no_hat,520,10,553,57
100.jpg,880,456,no_hat,497,3,530,47
100.jpg,880,456,hat,346,10,395,54
100.jpg,880,456,no_hat,288,3,338,42
101.jpg,910,547,no_hat,147,130,225,250
101.jpg,910,547,hat,355,16,405,58
101.jpg,910,547,no_hat,505,11,551,79
102.jpg,923,456,no_hat,99,98,154,183
102.jpg,923,456,no_hat,786,16,831,97
103.jpg,882,527,no_hat,406,325,506,476
103.jpg,882,527,no_hat,306,7,342,50
104.jpg,916,480,no_hat,529,82,576,156
105.jpg,982,535,no_hat,145,46,203,132
106.jpg,943,463,no_hat,142,47,190,142
106.jpg,943,463,no_hat,494,103,546,181
107.jpg,955,504,hat,815,91,888,249
108.jpg,916,498,hat,307,45,366,138
108.jpg,916,498,hat,39,228,102,319
108.jpg,916,498,hat,413,300,540,473
108.jpg,916,498,hat,582,278,683,384
109.jpg,732,537,hat,338,398,420,495
109.jpg,732,537,hat,293,35,337,92
109.jpg,732,537,hat,327,3,366,50
110.jpg,900,525,hat,204,244,316,368
110.jpg,900,525,hat,746,77,806,164
110.jpg,900,525,no_hat,385,234,476,376
111.jpg,833,505,no_hat,358,222,446,369
111.jpg,833,505,hat,591,51,649,138
112.jpg,976,496,hat,589,126,658,242
112.jpg,976,496,hat,747,42,809,134
112.jpg,976,496,hat,858,1,913,50
113.jpg,883,488,hat,408,181,524,377
113.jpg,883,488,hat,101,226,208,336
113.jpg,883,488,hat,96,46,178,139
114.jpg,935,441,hat,466,61,563,207
115.jpg,898,429,no_hat,389,144,454,226
115.jpg,898,429,no_hat,290,102,349,178
115.jpg,898,429,no_hat,233,113,282,185
116.jpg,877,508,hat,613,271,729,404
117.jpg,919,523,no_hat,381,299,480,420
118.jpg,910,470,no_hat,175,185,261,294
118.jpg,910,470,no_hat,404,277,503,414
119.jpg,800,447,no_hat,135,135,231,254
120.jpg,754,505,no_hat,187,169,267,304
120.jpg,754,505,no_hat,398,284,492,455
120.jpg,754,505,no_hat,10,198,126,370
121.jpg,913,506,no_hat,286,1,355,81
122.jpg,897,492,no_hat,660,90,783,289
123.jpg,1002,498,no_hat,304,139,452,394
124.jpg,868,500,no_hat,436,84,522,213
124.jpg,868,500,no_hat,409,180,504,308
125.jpg,776,458,no_hat,401,42,483,142
126.jpg,974,462,no_hat,264,4,360,188
126.jpg,974,462,no_hat,500,8,696,120
127.jpg,797,539,no_hat,69,5,163,152
127.jpg,797,539,no_hat,11,9,83,134
128.jpg,1000,504,hat,349,94,444,201
129.jpg,969,479,hat,223,26,294,104
129.jpg,969,479,no_hat,332,1,378,56
130.jpg,1016,460,no_hat,249,187,353,324
131.jpg,1033,496,no_hat,228,48,321,215
132.jpg,1042,525,no_hat,259,117,377,298
132.jpg,1042,525,no_hat,256,1,355,130
133.jpg,1032,549,no_hat,590,1,755,195
134.jpg,1047,538,no_hat,91,1,223,137
135.jpg,947,454,no_hat,299,42,387,224
136.jpg,1040,493,no_hat,278,234,415,461
136.jpg,1040,493,no_hat,17,252,194,493
137.jpg,811,448,no_hat,294,269,422,430
138.jpg,768,381,hat,279,145,340,259
139.jpg,1025,546,hat,371,144,504,301
139.jpg,1025,546,hat,315,1,398,58
140.jpg,808,500,hat,52,80,165,261
141.jpg,788,501,hat,93,9,160,150
142.jpg,919,498,hat,376,161,476,239
142.jpg,919,498,no_hat,814,111,859,194
143.jpg,1016,471,hat,371,117,441,216
143.jpg,1016,471,no_hat,289,124,353,216
143.jpg,1016,471,no_hat,843,138,903,221
144.jpg,995,459,hat,824,176,940,310
144.jpg,995,459,hat,80,12,109,55
144.jpg,995,459,no_hat,232,3,284,40
145.jpg,1034,512,hat,495,124,629,254
145.jpg,1034,512,no_hat,216,227,346,416
146.jpg,765,495,hat,469,130,521,172
147.jpg,707,487,hat,286,76,324,112
148.jpg,754,527,no_hat,479,51,514,110
148.jpg,754,527,hat,404,324,486,430
148.jpg,754,527,no_hat,444,267,497,348
149.jpg,675,532,hat,183,83,225,171
149.jpg,675,532,hat,238,119,285,192
149.jpg,675,532,hat,402,338,481,442
149.jpg,675,532,no_hat,362,65,412,140
149.jpg,675,532,no_hat,184,161,247,246
149.jpg,675,532,no_hat,377,260,452,350
150.jpg,629,387,hat,412,51,445,108
150.jpg,629,387,hat,361,22,398,85
150.jpg,629,387,hat,199,13,245,52
150.jpg,629,387,hat,248,1,280,43
151.jpg,678,534,hat,122,16,235,120
151.jpg,678,534,hat,14,244,159,396
152.jpg,657,523,hat,445,234,547,307
152.jpg,657,523,hat,198,2,232,40
153.jpg,1037,510,hat,38,118,118,215
153.jpg,1037,510,no_hat,28,34,81,102
153.jpg,1037,510,no_hat,882,137,954,260
154.jpg,589,507,no_hat,24,38,70,106
154.jpg,589,507,no_hat,121,298,224,451
154.jpg,589,507,hat,5,147,84,237
155.jpg,926,520,hat,300,73,382,176
155.jpg,926,520,hat,146,18,219,104
156.jpg,667,485,hat,76,115,174,227
157.jpg,997,473,no_hat,265,117,334,226
157.jpg,997,473,hat,911,99,976,234
157.jpg,997,473,hat,782,16,833,85
157.jpg,997,473,hat,915,1,956,71
157.jpg,997,473,hat,625,71,702,156
157.jpg,997,473,hat,822,26,863,84
157.jpg,997,473,hat,235,6,286,40
158.jpg,1012,552,hat,234,19,319,103
158.jpg,1012,552,hat,516,165,638,272
158.jpg,1012,552,hat,639,327,766,414
158.jpg,1012,552,hat,517,1,607,97
159.jpg,1000,516,hat,446,237,565,349
159.jpg,1000,516,hat,645,315,767,410
159.jpg,1000,516,no_hat,411,11,530,81
160.jpg,699,485,hat,290,214,398,365
161.jpg,1025,539,hat,204,358,358,483
161.jpg,1025,539,hat,821,13,904,150
162.jpg,766,517,no_hat,612,151,686,271
163.jpg,990,488,hat,506,91,623,278
163.jpg,990,488,hat,308,1,400,106
164.jpg,1001,545,hat,365,140,423,229
164.jpg,1001,545,no_hat,762,145,817,222
164.jpg,1001,545,no_hat,917,147,965,207
164.jpg,1001,545,no_hat,177,137,242,241
165.jpg,755,339,no_hat,528,50,566,98
165.jpg,755,339,no_hat,211,6,239,45
165.jpg,755,339,hat,343,22,373,72
165.jpg,755,339,hat,209,36,239,66
166.jpg,940,440,no_hat,263,66,420,197
167.jpg,632,464,hat,317,140,382,212
168.jpg,635,472,no_hat,454,239,512,324
168.jpg,635,472,no_hat,370,191,424,286
168.jpg,635,472,no_hat,290,163,348,244
169.jpg,748,464,hat,138,98,181,165
169.jpg,748,464,hat,222,5,251,45
169.jpg,748,464,hat,259,1,284,36
169.jpg,748,464,hat,307,2,348,57
169.jpg,748,464,hat,448,47,487,94
170.jpg,842,532,hat,1,195,52,283
170.jpg,842,532,hat,58,1,136,95
171.jpg,980,494,hat,664,132,796,270
171.jpg,980,494,no_hat,325,4,415,128
172.jpg,663,562,no_hat,268,241,324,337
172.jpg,663,562,no_hat,389,162,438,246
172.jpg,663,562,no_hat,379,260,454,368
172.jpg,663,562,no_hat,516,275,565,356
172.jpg,663,562,hat,176,127,231,215
172.jpg,663,562,hat,49,81,97,157
172.jpg,663,562,hat,407,38,438,77
173.jpg,741,567,hat,568,198,652,322
173.jpg,741,567,hat,432,71,479,118
173.jpg,741,567,hat,277,29,308,59
173.jpg,741,567,hat,204,13,242,45
174.jpg,881,501,no_hat,612,62,693,181
174.jpg,881,501,no_hat,1,71,53,143
175.jpg,1011,543,no_hat,316,146,399,264
175.jpg,1011,543,hat,473,29,529,118
175.jpg,1011,543,no_hat,764,54,812,102
175.jpg,1011,543,hat,729,24,773,86
176.jpg,845,462,no_hat,321,50,408,170
177.jpg,764,456,no_hat,188,68,265,183
178.jpg,943,478,no_hat,379,129,544,342
179.jpg,745,432,no_hat,82,127,234,340
180.jpg,547,530,no_hat,342,119,387,186
181.jpg,831,548,no_hat,430,137,688,371
181.jpg,831,548,no_hat,486,64,684,174
181.jpg,831,548,no_hat,434,1,508,56
182.jpg,748,502,hat,288,164,409,282
183.jpg,789,389,no_hat,316,161,421,293
184.jpg,971,530,hat,341,185,486,365
184.jpg,971,530,no_hat,856,98,971,295
185.jpg,705,470,hat,391,256,524,392
186.jpg,655,509,no_hat,523,153,616,321
187.jpg,702,542,no_hat,57,1,158,116
188.jpg,921,519,no_hat,399,1,535,140
189.jpg,666,510,no_hat,225,270,369,483
190.jpg,716,549,no_hat,308,1,411,74
190.jpg,716,549,no_hat,540,1,587,55
191.jpg,1028,514,no_hat,617,244,777,438
191.jpg,1028,514,no_hat,333,105,392,194
192.jpg,705,537,no_hat,291,290,448,473
192.jpg,705,537,hat,480,28,591,130
193.jpg,974,488,hat,689,104,761,198
193.jpg,974,488,hat,254,29,323,110
193.jpg,974,488,hat,378,1,441,54
194.jpg,882,564,hat,563,91,630,199
194.jpg,882,564,hat,650,343,748,458
194.jpg,882,564,hat,6,187,84,318
194.jpg,882,564,hat,398,22,438,74
195.jpg,940,506,hat,22,313,126,425
195.jpg,940,506,hat,708,142,771,241
195.jpg,940,506,hat,743,75,811,160
195.jpg,940,506,hat,793,1,852,82
196.jpg,866,489,no_hat,95,223,188,343
196.jpg,866,489,no_hat,506,53,600,144
197.jpg,737,531,no_hat,433,44,492,128
198.jpg,777,513,hat,85,34,133,102
198.jpg,777,513,no_hat,243,1,280,48
198.jpg,777,513,no_hat,79,1,119,32
198.jpg,777,513,no_hat,483,34,517,78
198.jpg,777,513,no_hat,685,64,715,121
199.jpg,887,513,hat,264,28,329,96
199.jpg,887,513,no_hat,116,145,183,220
199.jpg,887,513,no_hat,632,1,707,62
200.jpg,906,465,no_hat,286,58,378,200
200.jpg,906,465,no_hat,349,43,459,124
200.jpg,906,465,no_hat,507,154,635,336
201.jpg,968,504,hat,738,121,863,261
201.jpg,968,504,no_hat,118,221,339,420
202.jpg,812,492,no_hat,112,187,206,313
202.jpg,812,492,hat,534,5,616,122
202.jpg,812,492,hat,588,1,677,66
202.jpg,812,492,hat,34,1,105,61
203.jpg,706,452,hat,68,62,146,148
204.jpg,952,510,hat,542,156,659,287
205.jpg,818,506,no_hat,190,96,251,173
206.jpg,827,510,hat,413,38,458,107
206.jpg,827,510,no_hat,541,45,586,118
206.jpg,827,510,no_hat,134,31,164,76
207.jpg,784,507,hat,408,142,451,205
208.jpg,777,522,hat,1,154,80,248
209.jpg,733,516,hat,450,46,496,107
209.jpg,733,516,hat,375,22,411,61
210.jpg,941,451,hat,501,2,548,49
210.jpg,941,451,hat,253,1,291,37
211.jpg,752,471,hat,392,87,435,160
211.jpg,752,471,hat,454,126,494,192
211.jpg,752,471,hat,478,84,514,144
212.jpg,1022,501,hat,459,1,563,117
213.jpg,995,438,hat,276,42,352,189
214.jpg,894,445,no_hat,326,1,415,130
215.jpg,0,0,no_hat,505,85,560,178
215.jpg,0,0,no_hat,456,73,498,152
215.jpg,0,0,no_hat,363,29,411,113
215.jpg,0,0,hat,436,5,475,73
215.jpg,0,0,hat,517,1,554,48
216.jpg,0,0,no_hat,321,52,372,147
216.jpg,0,0,no_hat,594,73,644,152
216.jpg,0,0,hat,719,84,757,151
217.jpg,0,0,hat,255,69,306,145
217.jpg,0,0,hat,637,84,684,152
218.jpg,0,0,no_hat,444,51,507,157
219.jpg,0,0,no_hat,290,95,353,183
219.jpg,0,0,no_hat,559,247,687,375
219.jpg,0,0,no_hat,469,10,529,97
219.jpg,0,0,no_hat,488,50,550,164
220.jpg,0,0,hat,249,119,310,178
220.jpg,0,0,hat,359,38,414,95
221.jpg,0,0,hat,433,124,507,209
222.jpg,0,0,no_hat,384,179,479,245
223.jpg,0,0,no_hat,324,59,392,142
223.jpg,0,0,hat,496,4,551,71
224.jpg,0,0,hat,259,48,293,97
224.jpg,0,0,hat,322,55,359,110
224.jpg,0,0,no_hat,250,105,306,181
224.jpg,0,0,no_hat,282,86,322,150
224.jpg,0,0,no_hat,303,99,350,141
225.jpg,0,0,hat,141,90,177,152
225.jpg,0,0,hat,65,154,92,196
225.jpg,0,0,hat,320,127,367,208
225.jpg,0,0,hat,340,105,380,162
225.jpg,0,0,hat,363,99,407,157
226.jpg,0,0,hat,356,123,418,222
226.jpg,0,0,hat,243,132,295,192
226.jpg,0,0,hat,159,86,201,174
226.jpg,0,0,no_hat,148,154,213,254
227.jpg,0,0,no_hat,104,69,183,129
227.jpg,0,0,no_hat,135,31,193,75
227.jpg,0,0,no_hat,326,25,367,72
227.jpg,0,0,no_hat,612,122,679,212
227.jpg,0,0,no_hat,755,220,800,308
228.jpg,0,0,hat,100,115,129,187
228.jpg,0,0,hat,54,124,94,177
228.jpg,0,0,hat,98,53,114,90
228.jpg,0,0,hat,110,64,127,94
228.jpg,0,0,hat,304,59,328,97
228.jpg,0,0,hat,258,71,284,120
228.jpg,0,0,hat,243,81,266,112
228.jpg,0,0,hat,209,52,232,98
228.jpg,0,0,hat,183,66,204,106
228.jpg,0,0,hat,162,70,188,111
228.jpg,0,0,hat,144,69,172,95
229.jpg,870,437,hat,453,114,487,178
230.jpg,0,0,hat,163,181,252,270
230.jpg,0,0,hat,308,93,393,185
230.jpg,0,0,hat,227,48,293,146
231.jpg,0,0,hat,200,194,264,284
232.jpg,0,0,hat,543,68,590,139
232.jpg,0,0,no_hat,472,19,524,77
233.jpg,0,0,hat,526,132,608,277
233.jpg,0,0,hat,682,121,749,214
234.jpg,0,0,no_hat,520,211,615,384
234.jpg,0,0,no_hat,389,2,444,78
235.jpg,0,0,no_hat,31,369,157,575
235.jpg,0,0,no_hat,647,24,684,98
235.jpg,0,0,no_hat,850,141,890,220
235.jpg,0,0,no_hat,718,114,778,157
236.jpg,0,0,no_hat,101,139,167,216
236.jpg,0,0,no_hat,273,38,319,108
236.jpg,0,0,hat,767,29,814,93
237.jpg,0,0,no_hat,536,84,579,185
238.jpg,0,0,no_hat,726,176,770,267
238.jpg,0,0,hat,381,171,435,224
238.jpg,0,0,no_hat,428,49,465,117
239.jpg,0,0,hat,289,300,353,361
239.jpg,0,0,no_hat,559,182,626,277
239.jpg,0,0,no_hat,719,93,767,163
240.jpg,0,0,hat,695,260,778,386
241.jpg,0,0,no_hat,442,10,524,151
242.jpg,0,0,hat,426,1,505,61
243.jpg,0,0,hat,262,46,377,160
243.jpg,0,0,no_hat,488,1,584,63
244.jpg,0,0,hat,172,63,232,167
245.jpg,0,0,no_hat,32,146,101,256
245.jpg,0,0,hat,245,100,295,184
245.jpg,0,0,hat,160,30,199,87
245.jpg,0,0,hat,231,31,261,85
246.jpg,0,0,hat,230,36,263,102
246.jpg,0,0,hat,149,42,177,96
246.jpg,0,0,hat,27,102,71,159
246.jpg,0,0,no_hat,170,216,284,333
246.jpg,0,0,no_hat,432,104,494,191
247.jpg,0,0,hat,420,399,500,495
248.jpg,0,0,no_hat,414,203,490,300
249.jpg,0,0,no_hat,850,30,963,195
250.jpg,964,590,no_hat,297,158,444,370
251.jpg,967,552,hat,228,218,308,309
252.jpg,965,589,no_hat,361,313,441,404
252.jpg,965,589,no_hat,148,264,225,387
253.jpg,965,591,no_hat,143,270,211,382
253.jpg,965,591,no_hat,296,465,352,547
254.jpg,964,589,no_hat,201,237,340,506
254.jpg,964,589,no_hat,675,1,711,33
255.jpg,962,589,no_hat,229,220,320,367
256.jpg,961,589,no_hat,349,257,429,443
257.jpg,962,586,no_hat,524,85,597,190
258.jpg,967,549,no_hat,407,54,485,190
259.jpg,961,549,no_hat,54,267,134,459
260.jpg,965,550,no_hat,396,133,478,303
260.jpg,965,550,no_hat,656,237,756,436
261.jpg,965,590,hat,646,230,730,335
262.jpg,965,590,hat,186,136,224,171
262.jpg,965,590,hat,463,95,517,161
262.jpg,965,590,hat,530,162,571,212
262.jpg,965,590,no_hat,378,123,425,198
263.jpg,962,549,no_hat,476,117,521,172
263.jpg,962,549,hat,498,68,540,126
263.jpg,962,549,hat,191,109,222,150
264.jpg,967,591,hat,105,213,173,308
265.jpg,965,589,hat,370,14,427,85
265.jpg,965,589,hat,500,1,561,64
266.jpg,961,589,hat,369,5,434,69
266.jpg,961,589,hat,554,1,615,88
266.jpg,961,589,hat,518,1,557,36
267.jpg,965,588,hat,635,11,727,120
268.jpg,963,552,hat,96,70,145,116
269.jpg,962,588,hat,2,67,41,127
270.jpg,964,551,hat,284,3,325,60
270.jpg,964,551,hat,3,8,40,68
271.jpg,965,591,hat,246,60,287,90
271.jpg,965,591,hat,656,41,699,107
271.jpg,965,591,hat,724,1,766,41
271.jpg,965,591,hat,622,7,652,43
271.jpg,965,591,hat,643,1,664,29
272.jpg,962,590,hat,337,69,376,145
272.jpg,962,590,hat,252,36,281,86
272.jpg,962,590,hat,498,95,544,134
272.jpg,962,590,hat,614,167,703,306
272.jpg,962,590,hat,757,209,846,307
272.jpg,962,590,hat,601,14,650,76
272.jpg,962,590,hat,695,1,734,38
272.jpg,962,590,hat,636,1,672,24
273.jpg,965,589,no_hat,603,1,674,24
274.jpg,964,587,hat,577,1,604,23
274.jpg,964,587,hat,680,17,706,41
274.jpg,964,587,hat,366,1,395,23
275.jpg,964,589,hat,387,46,495,179
275.jpg,964,589,hat,666,1,708,49
276.jpg,963,587,no_hat,71,56,108,100
277.jpg,965,589,hat,493,237,542,302
277.jpg,965,589,hat,445,145,480,187
278.jpg,967,551,hat,406,311,462,390
278.jpg,967,551,hat,573,377,643,475
279.jpg,962,589,hat,355,199,429,274
280.jpg,963,550,hat,1,195,56,293
280.jpg,963,550,no_hat,147,21,218,140
281.jpg,965,590,hat,144,36,187,91
282.jpg,964,592,hat,852,169,918,290
282.jpg,964,592,hat,594,30,630,72
282.jpg,964,592,hat,744,1,771,33
282.jpg,964,592,hat,659,1,686,31
283.jpg,965,551,hat,97,223,153,275
284.jpg,964,589,hat,575,1,604,17
284.jpg,964,589,no_hat,392,1,417,20
285.jpg,962,589,hat,502,1,580,63
286.jpg,961,552,no_hat,131,122,175,178
286.jpg,961,552,no_hat,52,232,148,285
287.jpg,963,587,hat,610,1,673,31
288.jpg,964,551,hat,230,310,332,434
289.jpg,963,550,hat,656,277,751,401
290.jpg,966,590,hat,45,112,109,197
291.jpg,959,552,hat,54,193,136,290
291.jpg,959,552,hat,732,1,802,80
292.jpg,965,572,hat,246,61,344,177
292.jpg,965,572,hat,294,312,402,434
292.jpg,965,572,hat,444,10,522,114
292.jpg,965,572,no_hat,865,1,937,126
292.jpg,965,572,no_hat,726,56,790,140
293.jpg,964,552,no_hat,751,115,858,232
293.jpg,964,552,no_hat,819,1,886,34
293.jpg,964,552,no_hat,945,6,964,68
293.jpg,964,552,hat,389,244,519,386
293.jpg,964,552,hat,235,52,336,174
293.jpg,964,552,hat,431,4,544,97
294.jpg,963,552,no_hat,493,1,575,83
294.jpg,963,552,no_hat,369,1,449,52
295.jpg,957,587,no_hat,564,1,629,82
295.jpg,957,587,hat,712,28,781,135
295.jpg,957,587,hat,618,1,674,37
296.jpg,967,591,hat,670,25,730,136
296.jpg,967,591,hat,625,1,674,51
297.jpg,963,552,no_hat,695,38,746,99
298.jpg,965,588,no_hat,383,42,441,125
298.jpg,965,588,no_hat,292,1,339,53
298.jpg,965,588,no_hat,210,1,244,30
299.jpg,965,589,no_hat,416,82,470,160
299.jpg,965,589,no_hat,121,120,183,199
299.jpg,965,589,no_hat,798,59,847,164
299.jpg,965,589,hat,768,1,813,35
300.jpg,962,550,no_hat,751,300,811,386
301.jpg,0,0,hat,758,49,801,116
302.jpg,0,0,hat,212,211,316,349
302.jpg,0,0,hat,465,57,512,117
302.jpg,0,0,hat,410,31,446,72
302.jpg,0,0,hat,218,81,238,127
302.jpg,0,0,hat,260,59,297,92
302.jpg,0,0,hat,733,1,764,26
302.jpg,0,0,hat,685,1,711,21
303.jpg,0,0,hat,425,107,492,187
303.jpg,0,0,hat,472,63,514,114
303.jpg,0,0,hat,575,53,625,129
303.jpg,0,0,hat,854,11,906,75
303.jpg,0,0,hat,413,10,440,43
303.jpg,0,0,hat,235,64,294,124
303.jpg,0,0,no_hat,669,1,701,18
304.jpg,0,0,hat,411,186,475,287
304.jpg,0,0,hat,205,230,261,286
304.jpg,0,0,hat,336,112,377,164
304.jpg,0,0,hat,285,92,329,148
305.jpg,0,0,hat,191,62,223,98
305.jpg,0,0,hat,632,83,673,137
305.jpg,0,0,no_hat,430,72,469,124
305.jpg,0,0,no_hat,714,47,746,90
305.jpg,0,0,hat,230,106,256,136
306.jpg,0,0,hat,710,49,750,106
306.jpg,0,0,hat,178,45,215,73
306.jpg,0,0,hat,267,1,295,30
306.jpg,0,0,no_hat,336,32,377,81
306.jpg,0,0,no_hat,433,45,469,99
306.jpg,0,0,no_hat,469,43,519,108
307.jpg,0,0,hat,698,191,806,313
308.jpg,0,0,hat,685,138,792,267
308.jpg,0,0,no_hat,211,280,363,420
308.jpg,0,0,hat,1,119,70,214
309.jpg,0,0,no_hat,368,397,523,546
309.jpg,0,0,no_hat,462,192,604,314
310.jpg,0,0,no_hat,613,38,712,142
311.jpg,0,0,hat,805,142,874,269
311.jpg,0,0,hat,853,470,946,585
312.jpg,0,0,no_hat,429,109,495,149
312.jpg,0,0,hat,93,202,148,269
312.jpg,0,0,hat,523,23,553,69
313.jpg,0,0,hat,277,179,332,227
314.jpg,0,0,hat,450,229,543,320
315.jpg,0,0,hat,103,377,227,518
315.jpg,0,0,hat,1,406,69,520
316.jpg,0,0,hat,148,368,381,580
317.jpg,0,0,hat,244,161,429,352
318.jpg,0,0,hat,328,235,429,377
319.jpg,0,0,no_hat,440,275,528,354
320.jpg,0,0,hat,238,245,310,327
320.jpg,0,0,no_hat,872,271,920,372
321.jpg,0,0,hat,245,243,321,328
321.jpg,0,0,hat,547,409,675,539
322.jpg,0,0,no_hat,727,95,836,216
322.jpg,0,0,no_hat,535,24,606,143
322.jpg,0,0,no_hat,699,1,789,44
323.jpg,0,0,no_hat,589,57,676,168
323.jpg,0,0,no_hat,746,1,816,100
324.jpg,0,0,no_hat,103,244,190,372
324.jpg,0,0,no_hat,45,391,145,535
325.jpg,0,0,no_hat,135,249,207,389
326.jpg,0,0,no_hat,329,145,406,271
327.jpg,0,0,no_hat,402,155,496,257
327.jpg,0,0,no_hat,251,185,341,301
328.jpg,0,0,hat,370,291,482,379
329.jpg,0,0,no_hat,448,29,534,193
329.jpg,0,0,no_hat,562,134,640,261
330.jpg,0,0,no_hat,337,54,429,194
331.jpg,0,0,no_hat,469,169,597,379
331.jpg,0,0,no_hat,632,194,799,407
332.jpg,0,0,no_hat,483,176,625,408
333.jpg,0,0,no_hat,379,277,475,446
334.jpg,0,0,hat,231,68,289,146
334.jpg,0,0,no_hat,95,88,168,209
335.jpg,0,0,hat,224,45,288,127
335.jpg,0,0,no_hat,121,110,212,229
336.jpg,0,0,no_hat,609,142,722,291
336.jpg,0,0,no_hat,607,15,685,102
337.jpg,0,0,hat,730,1,860,113
338.jpg,0,0,hat,455,134,524,201
338.jpg,0,0,hat,310,109,356,176
338.jpg,0,0,hat,553,57,601,113
339.jpg,0,0,hat,316,112,385,217
339.jpg,0,0,hat,293,85,335,151
339.jpg,0,0,hat,500,73,563,154
339.jpg,0,0,hat,556,43,600,96
340.jpg,0,0,hat,312,131,358,244
340.jpg,0,0,hat,643,37,676,92
340.jpg,0,0,no_hat,490,175,571,289
341.jpg,0,0,hat,687,9,748,102
342.jpg,0,0,no_hat,657,160,699,255
343.jpg,0,0,no_hat,315,47,414,207
344.jpg,0,0,no_hat,318,313,648,569
345.jpg,0,0,no_hat,308,182,363,271
346.jpg,0,0,no_hat,312,342,363,421
347.jpg,0,0,no_hat,190,297,282,445
348.jpg,0,0,no_hat,226,290,307,419
348.jpg,0,0,hat,349,428,449,530
349.jpg,0,0,hat,451,301,583,481
350.jpg,0,0,no_hat,444,152,585,371
351.jpg,0,0,hat,571,149,625,214
351.jpg,0,0,hat,608,97,637,147
351.jpg,0,0,hat,548,125,617,171
352.jpg,0,0,hat,427,137,458,195
352.jpg,0,0,hat,600,133,636,200
352.jpg,0,0,hat,569,114,608,167
352.jpg,0,0,hat,588,100,623,142
352.jpg,0,0,hat,614,83,636,125
353.jpg,0,0,hat,278,139,346,219
353.jpg,0,0,hat,546,24,579,81
353.jpg,0,0,hat,537,5,573,44
354.jpg,0,0,hat,217,92,285,180
354.jpg,0,0,hat,559,14,594,57
355.jpg,0,0,no_hat,151,224,283,336
355.jpg,0,0,hat,149,333,268,490
356.jpg,0,0,no_hat,461,1,499,36
357.jpg,0,0,hat,216,60,320,162
357.jpg,0,0,hat,756,1,801,57
358.jpg,0,0,hat,631,105,685,167
358.jpg,0,0,hat,309,1,340,35
359.jpg,0,0,hat,315,108,339,149
360.jpg,0,0,hat,817,200,868,303
360.jpg,0,0,hat,908,210,956,271
361.jpg,0,0,hat,460,220,553,320
361.jpg,0,0,hat,462,24,511,91
361.jpg,0,0,hat,512,28,555,83
362.jpg,0,0,hat,516,358,612,467
362.jpg,0,0,hat,262,146,331,215
362.jpg,0,0,no_hat,311,30,355,92
363.jpg,0,0,hat,554,467,652,560
363.jpg,0,0,hat,545,66,597,134
363.jpg,0,0,hat,506,1,540,37
364.jpg,0,0,no_hat,847,15,886,76
365.jpg,0,0,no_hat,752,76,787,152
365.jpg,0,0,no_hat,310,2,341,45
365.jpg,0,0,no_hat,289,7,317,43
365.jpg,0,0,no_hat,433,1,470,24
366.jpg,0,0,no_hat,487,1,516,41
367.jpg,0,0,no_hat,716,1,760,65
367.jpg,0,0,no_hat,190,56,262,113
368.jpg,0,0,no_hat,649,112,705,204
368.jpg,0,0,no_hat,506,265,570,381
369.jpg,0,0,no_hat,858,175,895,269
369.jpg,0,0,no_hat,844,45,873,90
369.jpg,0,0,no_hat,817,93,870,128
369.jpg,0,0,no_hat,387,20,426,73
369.jpg,0,0,hat,336,95,394,142
370.jpg,0,0,no_hat,526,125,581,194
370.jpg,0,0,no_hat,465,27,505,73
370.jpg,0,0,no_hat,214,29,250,100
371.jpg,0,0,no_hat,407,1,487,52
371.jpg,0,0,hat,107,20,161,107
372.jpg,0,0,hat,760,232,871,342
373.jpg,0,0,hat,387,128,486,273
373.jpg,0,0,hat,496,34,589,128
373.jpg,0,0,hat,1,163,67,287
374.jpg,0,0,hat,503,23,592,119
374.jpg,0,0,hat,616,1,666,55
374.jpg,0,0,hat,1,179,73,319
375.jpg,0,0,no_hat,503,1,544,31
375.jpg,0,0,no_hat,369,1,415,29
376.jpg,0,0,hat,486,28,568,126
376.jpg,0,0,hat,49,58,105,120
377.jpg,0,0,no_hat,313,324,415,470
378.jpg,0,0,no_hat,533,85,597,186
379.jpg,0,0,hat,437,220,513,325
379.jpg,0,0,hat,377,164,435,257
379.jpg,0,0,no_hat,839,175,881,244
380.jpg,0,0,no_hat,897,185,933,278
380.jpg,0,0,no_hat,394,62,424,118
380.jpg,0,0,hat,227,46,270,91
380.jpg,0,0,hat,73,56,110,106
380.jpg,0,0,hat,1,90,36,170
381.jpg,0,0,no_hat,740,234,793,327
382.jpg,0,0,hat,421,188,469,235
382.jpg,0,0,no_hat,494,142,534,200
382.jpg,0,0,no_hat,400,145,421,189
383.jpg,0,0,hat,665,66,692,112
383.jpg,0,0,hat,451,18,489,81
383.jpg,0,0,hat,419,3,453,49
384.jpg,0,0,hat,681,139,722,197
384.jpg,0,0,hat,564,178,619,231
384.jpg,0,0,hat,600,136,630,194
384.jpg,0,0,hat,333,118,374,165
384.jpg,0,0,hat,323,129,347,186
384.jpg,0,0,hat,277,144,309,210
385.jpg,0,0,no_hat,281,324,498,496
386.jpg,0,0,no_hat,299,211,509,463
387.jpg,0,0,hat,559,114,596,166
388.jpg,0,0,hat,366,409,433,486
389.jpg,0,0,hat,1,62,116,223
390.jpg,0,0,no_hat,333,168,412,270
391.jpg,0,0,hat,163,102,256,219
391.jpg,0,0,hat,514,108,589,250
391.jpg,0,0,hat,488,6,572,105
391.jpg,0,0,no_hat,691,1,756,45
391.jpg,0,0,no_hat,827,1,885,31
392.jpg,0,0,hat,210,66,303,172
392.jpg,0,0,hat,417,55,523,159
392.jpg,0,0,hat,525,2,597,73
392.jpg,0,0,no_hat,674,1,739,51
392.jpg,0,0,no_hat,845,1,902,52
393.jpg,0,0,hat,201,3,276,76
393.jpg,0,0,hat,19,130,80,205
394.jpg,0,0,hat,204,23,295,133
395.jpg,0,0,hat,386,67,437,142
395.jpg,0,0,hat,813,137,850,198
396.jpg,0,0,hat,683,192,750,303
397.jpg,0,0,hat,567,97,605,147
397.jpg,0,0,hat,135,260,184,342
397.jpg,0,0,hat,99,173,158,272
398.jpg,0,0,hat,472,8,506,61
398.jpg,0,0,hat,586,13,620,63
398.jpg,0,0,hat,871,301,938,402
399.jpg,0,0,hat,57,85,136,183
400.jpg,0,0,hat,485,9,519,38
401.jpg,0,0,hat,636,164,690,242
402.jpg,0,0,hat,486,119,544,195
402.jpg,0,0,hat,238,142,322,251
402.jpg,0,0,hat,262,52,296,91
402.jpg,0,0,hat,735,1,760,27
403.jpg,0,0,hat,1,163,62,261
403.jpg,0,0,hat,647,34,686,88
403.jpg,0,0,hat,561,1,603,50
403.jpg,0,0,hat,709,22,743,58
403.jpg,0,0,hat,671,5,693,31
403.jpg,0,0,hat,938,172,964,235
403.jpg,0,0,hat,654,1,679,18
404.jpg,0,0,hat,311,1,385,56
405.jpg,0,0,hat,234,1,274,48
406.jpg,0,0,hat,121,28,202,141
407.jpg,965,587,hat,309,478,365,528
407.jpg,965,587,hat,191,480,252,533
407.jpg,965,587,hat,120,532,165,582
407.jpg,965,587,hat,52,507,104,587
408.jpg,0,0,hat,221,262,289,356
408.jpg,0,0,hat,285,235,344,291
408.jpg,0,0,hat,21,307,96,408
408.jpg,0,0,hat,62,167,91,203
408.jpg,0,0,hat,130,168,165,220
408.jpg,0,0,hat,199,138,230,197
408.jpg,0,0,hat,249,135,286,182
409.jpg,0,0,hat,711,1,758,37
410.jpg,0,0,hat,170,79,289,177
411.jpg,0,0,hat,699,199,760,270
411.jpg,0,0,hat,487,22,526,68
411.jpg,0,0,hat,67,58,105,94
412.jpg,0,0,hat,708,175,767,253
412.jpg,0,0,hat,930,258,963,337
412.jpg,0,0,hat,454,4,496,56
412.jpg,0,0,hat,110,43,136,84
413.jpg,0,0,no_hat,88,246,140,306
413.jpg,0,0,hat,424,76,464,139
413.jpg,0,0,hat,486,3,507,41
414.jpg,0,0,no_hat,93,256,150,305
414.jpg,0,0,hat,207,54,241,101
414.jpg,0,0,hat,431,67,455,135
414.jpg,0,0,hat,557,66,598,112
415.jpg,0,0,no_hat,764,224,807,309
415.jpg,0,0,hat,74,257,122,340
415.jpg,0,0,hat,80,191,139,243
416.jpg,0,0,hat,509,28,588,117
417.jpg,0,0,hat,266,95,370,206
418.jpg,0,0,hat,202,147,284,248
418.jpg,0,0,hat,801,10,879,105
419.jpg,0,0,hat,461,89,562,176
419.jpg,0,0,hat,110,41,158,135
419.jpg,0,0,no_hat,287,1,330,26
420.jpg,0,0,hat,454,85,556,179
420.jpg,0,0,hat,632,1,685,56
420.jpg,0,0,hat,51,36,115,99
421.jpg,0,0,hat,27,250,139,413
421.jpg,0,0,hat,45,46,98,108
421.jpg,0,0,hat,454,86,559,171
421.jpg,0,0,hat,575,1,646,68
422.jpg,0,0,no_hat,21,168,72,232
422.jpg,0,0,no_hat,713,1,763,64
423.jpg,0,0,no_hat,271,218,345,357
423.jpg,0,0,no_hat,265,8,288,37
423.jpg,0,0,no_hat,260,1,279,20
423.jpg,0,0,no_hat,595,1,623,31
423.jpg,0,0,no_hat,895,190,918,226
423.jpg,0,0,no_hat,842,166,866,199
424.jpg,0,0,no_hat,794,49,817,97
424.jpg,0,0,no_hat,830,153,861,195
424.jpg,0,0,no_hat,885,174,914,220
424.jpg,0,0,no_hat,673,21,700,56
424.jpg,0,0,no_hat,267,4,309,30
424.jpg,0,0,hat,622,21,666,57
425.jpg,0,0,no_hat,524,108,580,191
425.jpg,0,0,no_hat,789,1,830,47
425.jpg,0,0,no_hat,128,121,168,178
426.jpg,0,0,no_hat,536,352,624,436
427.jpg,0,0,hat,802,86,840,130
427.jpg,0,0,hat,331,514,413,577
428.jpg,0,0,hat,111,198,174,272
428.jpg,0,0,hat,393,19,431,61
429.jpg,0,0,hat,416,15,444,53
429.jpg,0,0,hat,480,1,512,37
430.jpg,0,0,hat,484,37,529,87
430.jpg,0,0,hat,413,15,448,54
430.jpg,0,0,no_hat,111,1,145,51
431.jpg,0,0,no_hat,116,143,193,253
432.jpg,0,0,hat,855,175,917,279
432.jpg,0,0,no_hat,917,14,966,93
433.jpg,0,0,no_hat,605,504,781,590
434.jpg,0,0,no_hat,361,1,417,64
435.jpg,0,0,hat,191,31,240,105
436.jpg,0,0,hat,184,185,252,264
436.jpg,0,0,hat,666,332,740,424
436.jpg,0,0,no_hat,342,30,371,83
437.jpg,0,0,hat,560,13,597,56
438.jpg,0,0,no_hat,652,296,759,465
439.jpg,0,0,no_hat,284,227,325,301
439.jpg,0,0,no_hat,55,314,116,374
439.jpg,0,0,no_hat,30,282,79,333
440.jpg,0,0,no_hat,41,293,114,362
440.jpg,0,0,no_hat,24,264,83,316
440.jpg,0,0,no_hat,283,208,327,279
440.jpg,0,0,hat,98,253,158,313
441.jpg,0,0,hat,249,186,332,294
442.jpg,0,0,no_hat,403,351,474,485
443.jpg,0,0,no_hat,127,237,212,369
443.jpg,0,0,no_hat,303,361,444,547
444.jpg,0,0,no_hat,95,264,175,398
445.jpg,0,0,no_hat,157,134,216,257
446.jpg,0,0,no_hat,231,128,301,266
447.jpg,0,0,no_hat,338,262,491,528
448.jpg,0,0,hat,383,257,483,409
449.jpg,0,0,no_hat,400,1,440,56
450.jpg,0,0,no_hat,24,306,91,428
451.jpg,0,0,no_hat,288,293,387,448
452.jpg,0,0,no_hat,385,138,491,327
453.jpg,0,0,no_hat,135,186,192,285
453.jpg,0,0,no_hat,164,197,218,246
454.jpg,0,0,no_hat,547,1,668,182
455.jpg,0,0,no_hat,578,347,638,508
456.jpg,0,0,no_hat,573,329,671,493
456.jpg,0,0,no_hat,701,377,829,582
457.jpg,0,0,no_hat,322,410,403,559
458.jpg,0,0,no_hat,519,166,588,283
458.jpg,0,0,hat,343,152,402,239
459.jpg,0,0,hat,338,145,404,261
459.jpg,0,0,no_hat,274,156,339,282
459.jpg,0,0,no_hat,484,180,558,289
460.jpg,0,0,no_hat,772,241,818,337
460.jpg,0,0,no_hat,422,409,518,520
461.jpg,0,0,no_hat,91,9,152,112
462.jpg,0,0,no_hat,431,50,575,159
463.jpg,0,0,no_hat,312,212,411,287
463.jpg,0,0,no_hat,38,114,111,231
464.jpg,0,0,no_hat,402,90,495,228
464.jpg,0,0,no_hat,1,198,64,288
465.jpg,0,0,no_hat,287,91,386,241
465.jpg,0,0,hat,106,185,199,288
466.jpg,0,0,no_hat,753,136,827,260
467.jpg,0,0,no_hat,645,115,730,285
467.jpg,0,0,no_hat,168,303,323,399
467.jpg,0,0,hat,155,216,242,333
468.jpg,0,0,no_hat,269,53,310,124
469.jpg,0,0,no_hat,147,217,225,342
470.jpg,0,0,no_hat,327,168,391,261
471.jpg,0,0,no_hat,546,270,616,394
472.jpg,0,0,no_hat,567,413,650,499
473.jpg,0,0,no_hat,923,131,960,201
473.jpg,0,0,hat,315,138,359,191
474.jpg,966,548,hat,573,434,597,467
474.jpg,966,548,no_hat,141,415,174,461
475.jpg,0,0,no_hat,759,231,791,305
475.jpg,0,0,no_hat,798,223,837,291
476.jpg,0,0,hat,476,52,553,135
476.jpg,0,0,no_hat,230,1,304,109
476.jpg,0,0,hat,159,10,230,101
477.jpg,0,0,hat,164,47,197,86
477.jpg,0,0,hat,137,58,161,102
477.jpg,0,0,hat,94,36,124,73
477.jpg,0,0,no_hat,556,96,595,177
478.jpg,0,0,no_hat,435,442,506,526
478.jpg,0,0,no_hat,471,363,530,472
479.jpg,0,0,no_hat,420,192,464,260
479.jpg,0,0,no_hat,398,134,434,184
479.jpg,0,0,no_hat,382,91,414,129
480.jpg,0,0,no_hat,744,117,791,191
480.jpg,0,0,hat,448,101,493,145
480.jpg,0,0,hat,351,69,404,103
481.jpg,0,0,no_hat,256,31,360,179
482.jpg,0,0,no_hat,503,1,558,100
483.jpg,0,0,no_hat,549,82,639,267
483.jpg,0,0,hat,714,161,784,272
484.jpg,0,0,hat,387,104,493,222
484.jpg,0,0,hat,560,22,629,105
484.jpg,0,0,hat,667,1,720,57
485.jpg,0,0,no_hat,753,121,828,246
485.jpg,0,0,no_hat,652,84,728,168
485.jpg,0,0,no_hat,502,51,561,140
486.jpg,0,0,no_hat,778,101,832,218
486.jpg,0,0,hat,131,248,244,367
486.jpg,0,0,no_hat,376,22,431,88
486.jpg,0,0,hat,288,1,326,39
486.jpg,0,0,hat,254,1,281,32
487.jpg,0,0,no_hat,1,264,76,378
487.jpg,0,0,no_hat,537,22,574,100
488.jpg,0,0,no_hat,124,131,165,206
488.jpg,0,0,no_hat,255,62,295,113
489.jpg,0,0,no_hat,286,312,374,368
489.jpg,0,0,no_hat,931,68,950,110
490.jpg,0,0,hat,334,385,428,497
490.jpg,0,0,hat,384,176,450,264
490.jpg,0,0,no_hat,493,1,547,69
491.jpg,0,0,hat,505,1,606,90
492.jpg,0,0,no_hat,208,1,314,90
493.jpg,0,0,hat,300,7,382,111
494.jpg,0,0,no_hat,170,1,213,65
495.jpg,0,0,hat,253,60,318,173
496.jpg,0,0,hat,655,58,721,154
497.jpg,0,0,hat,299,117,400,248
498.jpg,0,0,no_hat,584,1,694,183
498.jpg,0,0,no_hat,730,1,782,40
499.jpg,0,0,hat,686,85,800,210
500.jpg,0,0,no_hat,258,41,319,138
500.jpg,0,0,no_hat,663,64,712,146
Scrshot_1.jpg,1280,720,hat,64,200,246,478
Scrshot_1.jpg,1280,720,hat,609,269,803,540
Scrshot_1.jpg,1280,720,hat,665,1,794,146
Scrshot_1.jpg,1280,720,no_hat,412,1,500,85
Scrshot_1.jpg,1280,720,no_hat,484,1,581,54
Scrshot_10.jpg,1280,720,hat,359,346,488,530
Scrshot_10.jpg,1280,720,hat,644,10,780,133
Scrshot_100.jpg,1280,720,no_hat,662,1,736,72
Scrshot_1000.jpg,1280,720,hat,587,416,727,524
Scrshot_1001.jpg,1280,720,hat,633,199,812,431
Scrshot_1002.jpg,1280,720,hat,547,415,761,582
Scrshot_1003.jpg,1280,720,hat,660,219,850,417
Scrshot_1004.jpg,1280,720,hat,629,227,845,414
Scrshot_1005.jpg,1280,720,hat,307,67,397,223
Scrshot_1006.jpg,1280,720,hat,1,98,59,255
Scrshot_1007.jpg,1280,720,no_hat,474,1,550,40
Scrshot_1008.jpg,1280,720,no_hat,558,1,616,23
Scrshot_1009.jpg,1280,720,hat,554,302,798,500
Scrshot_101.jpg,1280,720,no_hat,588,1,667,48
Scrshot_1010.jpg,1280,720,hat,585,463,695,552
Scrshot_1011.jpg,1280,720,hat,257,25,344,172
Scrshot_1012.jpg,1280,720,hat,679,183,840,393
Scrshot_1013.jpg,1280,720,hat,716,193,859,381
Scrshot_1015.jpg,1280,720,no_hat,475,1,536,43
Scrshot_1016.jpg,1280,720,hat,570,313,793,513
Scrshot_1016.jpg,1280,720,no_hat,470,1,523,40
Scrshot_1017.jpg,1280,720,hat,689,192,840,390
Scrshot_1017.jpg,1280,720,hat,132,21,194,153
Scrshot_1018.jpg,1280,720,hat,671,198,842,413
Scrshot_1018.jpg,1280,720,hat,95,29,165,153
Scrshot_1018.jpg,1280,720,no_hat,481,1,543,63
Scrshot_1019.jpg,1280,720,hat,539,333,743,532
Scrshot_1019.jpg,1280,720,hat,182,39,268,168
Scrshot_1019.jpg,1280,720,no_hat,470,1,543,72
Scrshot_102.jpg,1280,720,no_hat,625,1,698,52
Scrshot_1020.jpg,1280,720,hat,689,183,859,371
Scrshot_1020.jpg,1280,720,hat,182,53,278,179
Scrshot_1020.jpg,1280,720,no_hat,469,1,547,49
Scrshot_1021.jpg,1280,720,hat,689,222,832,392
Scrshot_1021.jpg,1280,720,hat,162,40,252,158
Scrshot_1021.jpg,1280,720,no_hat,485,1,575,64
Scrshot_1022.jpg,1280,720,hat,637,190,808,393
Scrshot_1022.jpg,1280,720,hat,428,31,505,183
Scrshot_1023.jpg,1280,720,hat,592,368,783,516
Scrshot_1023.jpg,1280,720,hat,313,417,457,629
Scrshot_1024.jpg,1280,720,hat,613,202,793,440
Scrshot_1024.jpg,1280,720,hat,84,50,156,166
Scrshot_1025.jpg,1280,720,hat,77,16,152,143
Scrshot_1026.jpg,1280,720,hat,174,57,273,177
Scrshot_1027.jpg,1280,720,hat,87,29,152,144
Scrshot_1028.jpg,1280,720,hat,566,45,662,217
Scrshot_1029.jpg,1280,720,hat,235,63,351,214
Scrshot_1029.jpg,1280,720,hat,603,266,803,459
Scrshot_103.jpg,1280,720,hat,234,31,370,229
Scrshot_1030.jpg,1280,720,hat,1030,237,1162,393
Scrshot_1030.jpg,1280,720,hat,1214,73,1280,180
Scrshot_1031.jpg,1280,720,hat,1101,223,1234,370
Scrshot_1031.jpg,1280,720,hat,1218,88,1280,188
Scrshot_1032.jpg,1280,720,hat,1107,229,1233,376
Scrshot_1032.jpg,1280,720,hat,1202,73,1280,193
Scrshot_1033.jpg,1280,720,hat,1100,179,1233,334
Scrshot_1033.jpg,1280,720,hat,1256,100,1280,213
Scrshot_1034.jpg,1280,720,hat,1049,188,1172,343
Scrshot_1034.jpg,1280,720,hat,1238,1,1280,88
Scrshot_1035.jpg,1280,720,hat,676,53,826,180
Scrshot_1036.jpg,1280,720,hat,1114,233,1211,385
Scrshot_1036.jpg,1280,720,hat,1176,66,1253,163
Scrshot_1036.jpg,1280,720,hat,1242,73,1280,183
Scrshot_1037.jpg,1280,720,hat,274,171,392,291
Scrshot_1037.jpg,1280,720,hat,1076,305,1178,424
Scrshot_1038.jpg,1280,720,hat,1082,185,1210,333
Scrshot_1038.jpg,1280,720,hat,1243,74,1280,194
Scrshot_1039.jpg,1280,720,hat,1105,171,1213,323
Scrshot_104.jpg,1280,720,hat,38,143,249,356
Scrshot_104.jpg,1280,720,no_hat,596,1,673,48
Scrshot_1040.jpg,1280,720,hat,1086,147,1208,290
Scrshot_1040.jpg,1280,720,hat,1227,41,1280,143
Scrshot_1041.jpg,1280,720,hat,503,323,562,392
Scrshot_1041.jpg,1280,720,hat,561,220,601,257
Scrshot_1041.jpg,1280,720,hat,540,204,571,242
Scrshot_1042.jpg,1280,720,hat,538,313,601,382
Scrshot_1042.jpg,1280,720,hat,539,213,575,257
Scrshot_1042.jpg,1280,720,hat,531,161,572,201
Scrshot_1042.jpg,1280,720,hat,569,218,601,251
Scrshot_1043.jpg,1280,720,hat,533,311,594,373
Scrshot_1043.jpg,1280,720,hat,612,252,661,297
Scrshot_1043.jpg,1280,720,hat,570,219,624,263
Scrshot_1043.jpg,1280,720,hat,542,194,571,237
Scrshot_1044.jpg,1280,720,hat,542,334,606,399
Scrshot_1044.jpg,1280,720,hat,626,267,671,323
Scrshot_1044.jpg,1280,720,hat,558,213,596,263
Scrshot_1044.jpg,1280,720,hat,591,213,625,271
Scrshot_1045.jpg,1280,720,hat,546,298,600,351
Scrshot_1045.jpg,1280,720,hat,586,219,643,258
Scrshot_1045.jpg,1280,720,hat,535,221,585,257
Scrshot_1046.jpg,1280,720,hat,554,313,620,375
Scrshot_1046.jpg,1280,720,hat,588,247,648,294
Scrshot_1046.jpg,1280,720,hat,554,223,599,253
Scrshot_1046.jpg,1280,720,hat,532,195,571,240
Scrshot_1047.jpg,1280,720,hat,527,359,606,438
Scrshot_1047.jpg,1280,720,hat,631,234,671,283
Scrshot_1047.jpg,1280,720,hat,613,213,652,258
Scrshot_1047.jpg,1280,720,hat,540,197,576,243
Scrshot_1048.jpg,1280,720,hat,538,323,589,385
Scrshot_1048.jpg,1280,720,hat,541,262,596,315
Scrshot_1048.jpg,1280,720,hat,606,210,644,253
Scrshot_1048.jpg,1280,720,hat,543,199,568,235
Scrshot_1049.jpg,1280,720,hat,521,320,587,377
Scrshot_1049.jpg,1280,720,hat,535,264,595,323
Scrshot_1049.jpg,1280,720,hat,563,213,604,253
Scrshot_1049.jpg,1280,720,hat,541,198,573,237
Scrshot_105.jpg,1280,720,no_hat,610,1,693,61
Scrshot_1050.jpg,1280,720,hat,545,294,603,366
Scrshot_1050.jpg,1280,720,hat,573,240,611,290
Scrshot_1050.jpg,1280,720,hat,600,214,652,260
Scrshot_1050.jpg,1280,720,hat,539,203,570,243
Scrshot_1051.jpg,1280,720,hat,549,319,611,381
Scrshot_1051.jpg,1280,720,hat,556,203,598,253
Scrshot_1051.jpg,1280,720,hat,616,216,656,250
Scrshot_1051.jpg,1280,720,hat,523,207,569,243
Scrshot_1052.jpg,1280,720,hat,1003,468,1066,562
Scrshot_1052.jpg,1280,720,hat,857,409,917,493
Scrshot_1052.jpg,1280,720,hat,693,339,766,401
Scrshot_1052.jpg,1280,720,hat,504,238,541,292
Scrshot_1052.jpg,1280,720,hat,549,371,612,456
Scrshot_1052.jpg,1280,720,hat,330,167,362,202
Scrshot_1052.jpg,1280,720,hat,407,165,436,196
Scrshot_1052.jpg,1280,720,hat,435,173,463,206
Scrshot_1052.jpg,1280,720,no_hat,929,486,1003,613
Scrshot_1053.jpg,1280,720,hat,857,420,904,503
Scrshot_1053.jpg,1280,720,hat,694,343,761,404
Scrshot_1053.jpg,1280,720,hat,501,236,533,293
Scrshot_1053.jpg,1280,720,hat,343,169,374,198
Scrshot_1053.jpg,1280,720,hat,409,167,440,200
Scrshot_1054.jpg,1280,720,hat,469,281,517,341
Scrshot_1054.jpg,1280,720,hat,499,235,530,289
Scrshot_1054.jpg,1280,720,hat,698,336,759,407
Scrshot_1054.jpg,1280,720,hat,857,415,911,498
Scrshot_1054.jpg,1280,720,hat,347,172,373,201
Scrshot_1054.jpg,1280,720,hat,398,158,428,202
Scrshot_1055.jpg,1280,720,hat,843,414,914,503
Scrshot_1055.jpg,1280,720,hat,693,337,768,410
Scrshot_1055.jpg,1280,720,hat,493,240,529,293
Scrshot_1055.jpg,1280,720,hat,403,163,445,195
Scrshot_1055.jpg,1280,720,hat,348,166,383,198
Scrshot_1056.jpg,1280,720,hat,733,333,774,399
Scrshot_1056.jpg,1280,720,hat,863,414,924,502
Scrshot_1056.jpg,1280,720,hat,497,241,529,289
Scrshot_1056.jpg,1280,720,hat,957,494,1056,606
Scrshot_1057.jpg,1280,720,hat,496,339,558,420
Scrshot_1057.jpg,1280,720,hat,866,415,914,501
Scrshot_1057.jpg,1280,720,hat,501,239,529,291
Scrshot_1058.jpg,1280,720,hat,857,416,927,501
Scrshot_1058.jpg,1280,720,hat,499,240,532,291
Scrshot_1059.jpg,1280,720,hat,481,220,542,284
Scrshot_1059.jpg,1280,720,hat,855,412,920,508
Scrshot_106.jpg,1280,720,hat,621,1,699,50
Scrshot_1060.jpg,1280,720,hat,509,222,562,286
Scrshot_1060.jpg,1280,720,hat,883,410,931,498
Scrshot_1061.jpg,1280,720,hat,876,412,922,494
Scrshot_1061.jpg,1280,720,hat,505,246,556,290
Scrshot_1062.jpg,1280,720,hat,873,412,926,499
Scrshot_1062.jpg,1280,720,hat,495,218,537,286
Scrshot_1065.jpg,1280,720,hat,1,120,47,243
Scrshot_1066.jpg,1280,720,hat,284,117,437,231
Scrshot_1067.jpg,1280,720,hat,152,103,294,217
Scrshot_1068.jpg,1280,720,hat,149,136,285,233
Scrshot_1069.jpg,1280,720,hat,286,162,417,288
Scrshot_107.jpg,1280,720,hat,323,13,502,184
Scrshot_107.jpg,1280,720,no_hat,622,1,705,51
Scrshot_1074.jpg,1280,720,hat,231,630,350,720
Scrshot_1074.jpg,1280,720,hat,1126,278,1168,321
Scrshot_1074.jpg,1280,720,no_hat,408,643,503,720
Scrshot_1075.jpg,1280,720,hat,404,647,506,709
Scrshot_1076.jpg,1280,720,hat,412,653,481,708
Scrshot_1078.jpg,1280,720,hat,577,512,670,614
Scrshot_1079.jpg,1280,720,hat,410,643,479,703
Scrshot_1080.jpg,1280,720,hat,409,647,483,709
Scrshot_1080.jpg,1280,720,hat,963,286,1002,336
Scrshot_1081.jpg,1280,720,hat,410,650,475,709
Scrshot_1081.jpg,1280,720,hat,958,283,1003,333
Scrshot_1082.jpg,1280,720,hat,402,662,483,714
Scrshot_1082.jpg,1280,720,hat,957,282,1000,330
Scrshot_1083.jpg,1280,720,hat,424,653,484,710
Scrshot_1083.jpg,1280,720,hat,967,284,1010,332
Scrshot_1084.jpg,1280,720,hat,413,653,475,703
Scrshot_11.jpg,1280,720,hat,606,20,756,155
Scrshot_11.jpg,1280,720,hat,556,10,652,96
Scrshot_1100.jpg,1280,720,hat,624,474,821,668
Scrshot_1100.jpg,1280,720,hat,78,48,169,118
Scrshot_1107.jpg,1280,720,hat,1068,235,1182,355
Scrshot_1108.jpg,1280,720,hat,698,39,784,91
Scrshot_1113.jpg,1280,720,hat,1050,217,1165,327
Scrshot_1114.jpg,1280,720,hat,1058,225,1171,325
Scrshot_1118.jpg,1280,720,hat,438,68,565,195
Scrshot_1118.jpg,1280,720,hat,729,1,838,47
Scrshot_1119.jpg,1280,720,hat,467,69,597,199
Scrshot_112.jpg,1280,720,hat,424,32,534,203
Scrshot_112.jpg,1280,720,hat,210,21,327,209
Scrshot_1120.jpg,1280,720,hat,398,70,546,206
Scrshot_1120.jpg,1280,720,hat,610,7,743,135
Scrshot_1121.jpg,1280,720,hat,404,33,543,135
Scrshot_1122.jpg,1280,720,hat,717,1,827,57
Scrshot_1123.jpg,1280,720,hat,561,1,694,113
Scrshot_1124.jpg,1280,720,hat,607,1,730,113
Scrshot_1125.jpg,1280,720,hat,616,1,750,114
Scrshot_1125.jpg,1280,720,hat,946,116,1053,217
Scrshot_1126.jpg,1280,720,hat,532,14,656,128
Scrshot_1128.jpg,1280,720,hat,375,383,546,517
Scrshot_113.jpg,1280,720,no_hat,224,1,419,150
Scrshot_1131.jpg,1280,720,no_hat,834,131,993,321
Scrshot_1133.jpg,1280,720,no_hat,609,232,805,457
Scrshot_1135.jpg,1280,720,no_hat,975,1,1076,61
Scrshot_1136.jpg,1280,720,no_hat,841,38,973,227
Scrshot_1137.jpg,1280,720,no_hat,1003,1,1095,61
Scrshot_1138.jpg,1280,720,no_hat,942,1,1041,64
Scrshot_114.jpg,1280,720,hat,404,1,552,151
Scrshot_1140.jpg,1280,720,no_hat,567,3,662,80
Scrshot_1141.jpg,1280,720,no_hat,586,1,654,85
Scrshot_1142.jpg,1280,720,no_hat,552,1,641,66
Scrshot_1143.jpg,1280,720,no_hat,232,79,347,165
Scrshot_115.jpg,1280,720,hat,681,1,776,101
Scrshot_115.jpg,1280,720,no_hat,412,1,490,61
Scrshot_1162.jpg,1280,720,no_hat,276,243,362,316
Scrshot_1163.jpg,1280,720,hat,849,331,980,507
Scrshot_1164.jpg,1280,720,hat,898,381,1032,538
Scrshot_1165.jpg,1280,720,hat,936,369,1050,533
Scrshot_1166.jpg,1280,720,hat,926,380,1072,544
Scrshot_1168.jpg,1280,720,hat,847,316,971,453
Scrshot_1169.jpg,1280,720,hat,99,257,202,342
Scrshot_117.jpg,1280,720,hat,279,235,573,557
Scrshot_117.jpg,1280,720,hat,614,1,767,157
Scrshot_118.jpg,1280,720,no_hat,610,9,787,169
Scrshot_1193.jpg,1280,720,no_hat,723,139,936,433
Scrshot_1194.jpg,1280,720,no_hat,646,325,768,484
Scrshot_1196.jpg,1280,720,hat,819,7,1019,225
Scrshot_12.jpg,1280,720,hat,327,27,683,442
Scrshot_12.jpg,1280,720,hat,635,9,776,164
Scrshot_120.jpg,1280,720,hat,587,6,772,161
Scrshot_1204.jpg,1280,720,hat,1020,2,1134,129
Scrshot_121.jpg,1280,720,hat,1,147,215,611
Scrshot_121.jpg,1280,720,hat,593,2,752,150
Scrshot_122.jpg,1280,720,hat,593,10,793,161
Scrshot_1225.jpg,1280,720,no_hat,489,465,647,679
Scrshot_1226.jpg,1280,720,no_hat,208,185,341,374
Scrshot_1226.jpg,1280,720,no_hat,586,42,664,150
Scrshot_1227.jpg,1280,720,no_hat,206,196,335,392
Scrshot_1228.jpg,1280,720,no_hat,1083,383,1228,577
Scrshot_1229.jpg,1280,720,no_hat,213,379,341,568
Scrshot_1230.jpg,1280,720,no_hat,587,235,705,414
Scrshot_1230.jpg,1280,720,no_hat,568,31,636,168
Scrshot_1231.jpg,1280,720,no_hat,308,177,445,359
Scrshot_1231.jpg,1280,720,no_hat,99,232,242,403
Scrshot_1232.jpg,1280,720,no_hat,278,188,431,383
Scrshot_1232.jpg,1280,720,no_hat,61,228,193,418
Scrshot_1233.jpg,1280,720,no_hat,279,193,435,379
Scrshot_1233.jpg,1280,720,no_hat,726,113,813,259
Scrshot_1234.jpg,1280,720,no_hat,172,211,321,395
Scrshot_1235.jpg,1280,720,no_hat,524,21,586,118
Scrshot_1236.jpg,1280,720,no_hat,53,261,186,421
Scrshot_1237.jpg,1280,720,no_hat,17,244,146,433
Scrshot_1237.jpg,1280,720,no_hat,549,40,643,138
Scrshot_1238.jpg,1280,720,no_hat,534,13,604,127
Scrshot_1238.jpg,1280,720,no_hat,71,242,213,438
Scrshot_1239.jpg,1280,720,no_hat,15,236,84,473
Scrshot_124.jpg,1280,720,hat,115,31,317,333
Scrshot_124.jpg,1280,720,hat,413,40,691,403
Scrshot_124.jpg,1280,720,hat,624,2,778,172
Scrshot_125.jpg,1280,720,no_hat,378,1,578,225
Scrshot_125.jpg,1280,720,no_hat,608,6,769,162
Scrshot_126.jpg,1280,720,hat,360,84,715,477
Scrshot_126.jpg,1280,720,hat,621,7,813,177
Scrshot_127.jpg,1280,720,hat,616,2,783,165
Scrshot_128.jpg,1280,720,hat,201,1,383,114
Scrshot_129.jpg,1280,720,hat,573,1,687,95
Scrshot_13.jpg,1280,720,hat,333,1,534,159
Scrshot_13.jpg,1280,720,hat,681,1,773,73
Scrshot_130.jpg,1280,720,hat,369,65,538,258
Scrshot_130.jpg,1280,720,hat,287,42,442,201
Scrshot_130.jpg,1280,720,hat,543,1,676,98
Scrshot_131.jpg,1280,720,hat,390,1,586,199
Scrshot_132.jpg,1280,720,hat,73,91,331,368
Scrshot_132.jpg,1280,720,hat,483,1,593,92
Scrshot_133.jpg,1280,720,hat,1,40,223,476
Scrshot_133.jpg,1280,720,hat,533,1,658,79
Scrshot_134.jpg,1280,720,hat,615,1,710,105
Scrshot_136.jpg,1280,720,hat,673,27,799,118
Scrshot_137.jpg,1280,720,hat,295,184,473,335
Scrshot_138.jpg,1280,720,no_hat,408,28,641,366
Scrshot_139.jpg,1280,720,hat,331,128,502,305
Scrshot_14.jpg,1280,720,hat,686,1,786,96
Scrshot_140.jpg,1280,720,hat,319,150,502,301
Scrshot_140.jpg,1280,720,hat,371,80,460,179
Scrshot_141.jpg,1280,720,hat,316,176,479,327
Scrshot_142.jpg,1280,720,hat,280,159,465,311
Scrshot_143.jpg,1280,720,hat,816,418,1046,720
Scrshot_144.jpg,1280,720,hat,646,31,772,172
Scrshot_146.jpg,1280,720,hat,573,173,727,368
Scrshot_146.jpg,1280,720,hat,890,298,1112,596
Scrshot_147.jpg,1280,720,hat,536,136,712,301
Scrshot_148.jpg,1280,720,hat,709,235,894,469
Scrshot_148.jpg,1280,720,hat,534,121,632,236
Scrshot_149.jpg,1280,720,hat,543,131,645,248
Scrshot_149.jpg,1280,720,hat,975,279,1142,538
Scrshot_15.jpg,1280,720,hat,341,44,599,391
Scrshot_150.jpg,1280,720,hat,597,114,712,235
Scrshot_150.jpg,1280,720,hat,923,439,1157,720
Scrshot_151.jpg,1280,720,hat,612,92,728,222
Scrshot_151.jpg,1280,720,hat,991,314,1195,573
Scrshot_152.jpg,1280,720,hat,491,135,609,272
Scrshot_153.jpg,1280,720,hat,393,181,560,318
Scrshot_153.jpg,1280,720,hat,910,246,1082,472
Scrshot_154.jpg,1280,720,hat,441,131,569,359
Scrshot_154.jpg,1280,720,hat,893,295,1097,594
Scrshot_155.jpg,1280,720,hat,605,158,761,339
Scrshot_155.jpg,1280,720,hat,864,244,1052,495
Scrshot_156.jpg,1280,720,hat,549,148,727,311
Scrshot_156.jpg,1280,720,hat,1030,369,1280,621
Scrshot_157.jpg,1280,720,hat,561,159,675,318
Scrshot_157.jpg,1280,720,hat,915,268,1146,529
Scrshot_158.jpg,1280,720,hat,775,162,964,362
Scrshot_159.jpg,1280,720,hat,641,213,883,454
Scrshot_16.jpg,1280,720,hat,432,13,615,179
Scrshot_160.jpg,1280,720,hat,673,281,897,566
Scrshot_161.jpg,1280,720,hat,717,196,867,368
Scrshot_161.jpg,1280,720,hat,273,1,358,58
Scrshot_162.jpg,1280,720,hat,276,1,357,57
Scrshot_163.jpg,1280,720,hat,634,277,832,466
Scrshot_164.jpg,1280,720,hat,904,431,1110,670
Scrshot_165.jpg,1280,720,hat,909,431,1086,651
Scrshot_166.jpg,1280,720,hat,920,443,1110,674
Scrshot_167.jpg,1280,720,hat,836,387,1010,585
Scrshot_168.jpg,1280,720,hat,686,299,846,469
Scrshot_169.jpg,1280,720,hat,531,140,647,283
Scrshot_17.jpg,1280,720,hat,669,22,809,201
Scrshot_171.jpg,1280,720,hat,619,209,757,377
Scrshot_18.jpg,1280,720,hat,598,14,764,153
Scrshot_184.jpg,1280,720,hat,415,179,589,333
Scrshot_185.jpg,1280,720,hat,419,188,547,331
Scrshot_186.jpg,1280,720,hat,345,217,542,346
Scrshot_188.jpg,1280,720,hat,394,188,561,344
Scrshot_189.jpg,1280,720,hat,380,170,568,333
Scrshot_19.jpg,1280,720,hat,623,14,762,144
Scrshot_19.jpg,1280,720,no_hat,386,1,515,116
Scrshot_190.jpg,1280,720,hat,584,42,699,183
Scrshot_191.jpg,1280,720,hat,359,1,472,76
Scrshot_192.jpg,1280,720,hat,320,198,479,355
Scrshot_192.jpg,1280,720,hat,248,1,332,66
Scrshot_193.jpg,1280,720,hat,360,184,523,327
Scrshot_197.jpg,1280,720,hat,719,596,936,720
Scrshot_2.jpg,1280,720,hat,419,138,645,421
Scrshot_2.jpg,1280,720,hat,580,5,749,148
Scrshot_2.jpg,1280,720,no_hat,195,57,356,291
Scrshot_20.jpg,1280,720,hat,613,16,752,157
Scrshot_200.jpg,1280,720,hat,647,524,876,720
Scrshot_201.jpg,1280,720,hat,557,129,673,242
Scrshot_202.jpg,1280,720,hat,368,50,462,144
Scrshot_203.jpg,1280,720,hat,576,399,675,492
Scrshot_204.jpg,1280,720,hat,402,107,461,179
Scrshot_205.jpg,1280,720,hat,791,213,901,332
Scrshot_206.jpg,1280,720,hat,721,276,853,388
Scrshot_207.jpg,1280,720,hat,567,136,642,214
Scrshot_208.jpg,1280,720,hat,393,16,424,98
Scrshot_209.jpg,1280,720,hat,476,59,541,132
Scrshot_21.jpg,1280,720,hat,625,33,739,150
Scrshot_21.jpg,1280,720,hat,433,1,547,72
Scrshot_210.jpg,1280,720,hat,484,65,549,140
Scrshot_211.jpg,1280,720,hat,479,70,539,133
Scrshot_212.jpg,1280,720,hat,482,70,545,140
Scrshot_213.jpg,1280,720,hat,483,64,535,131
Scrshot_214.jpg,1280,720,hat,497,73,541,140
Scrshot_22.jpg,1280,720,hat,636,1,738,125
Scrshot_22.jpg,1280,720,hat,460,1,568,55
Scrshot_220.jpg,1280,720,hat,671,161,780,309
Scrshot_222.jpg,1280,720,hat,484,61,578,190
Scrshot_223.jpg,1280,720,hat,574,535,913,720
Scrshot_226.jpg,1280,720,hat,804,469,990,710
Scrshot_227.jpg,1280,720,hat,827,433,1067,720
Scrshot_228.jpg,1280,720,no_hat,598,1,635,42
Scrshot_229.jpg,1280,720,hat,830,221,947,362
Scrshot_229.jpg,1280,720,no_hat,604,1,646,36
Scrshot_23.jpg,1280,720,hat,620,14,768,142
Scrshot_230.jpg,1280,720,hat,858,322,1058,520
Scrshot_230.jpg,1280,720,hat,728,243,813,338
Scrshot_231.jpg,1280,720,hat,780,227,901,355
Scrshot_231.jpg,1280,720,hat,895,322,1068,525
Scrshot_232.jpg,1280,720,hat,845,255,954,388
Scrshot_232.jpg,1280,720,hat,934,354,1087,535
Scrshot_233.jpg,1280,720,hat,624,227,733,367
Scrshot_233.jpg,1280,720,hat,874,316,1052,534
Scrshot_234.jpg,1280,720,hat,897,477,1062,681
Scrshot_235.jpg,1280,720,hat,673,333,843,522
Scrshot_235.jpg,1280,720,hat,849,350,974,503
Scrshot_236.jpg,1280,720,hat,738,339,910,503
Scrshot_236.jpg,1280,720,hat,1024,479,1209,707
Scrshot_237.jpg,1280,720,hat,991,569,1213,720
Scrshot_238.jpg,1280,720,hat,553,105,645,231
Scrshot_239.jpg,1280,720,hat,891,236,1046,435
Scrshot_24.jpg,1280,720,hat,623,11,789,174
Scrshot_24.jpg,1280,720,no_hat,418,1,528,73
Scrshot_240.jpg,1280,720,hat,824,255,982,448
Scrshot_241.jpg,1280,720,hat,972,443,1197,702
Scrshot_242.jpg,1280,720,hat,619,196,716,325
Scrshot_242.jpg,1280,720,hat,1054,479,1216,688
Scrshot_243.jpg,1280,720,hat,806,214,930,383
Scrshot_244.jpg,1280,720,hat,834,477,1025,720
Scrshot_245.jpg,1280,720,hat,804,227,934,373
Scrshot_246.jpg,1280,720,hat,535,165,620,269
Scrshot_247.jpg,1280,720,hat,861,310,1041,505
Scrshot_248.jpg,1280,720,hat,950,372,1161,635
Scrshot_248.jpg,1280,720,hat,528,248,649,392
Scrshot_249.jpg,1280,720,hat,610,192,731,325
Scrshot_249.jpg,1280,720,hat,1050,468,1272,717
Scrshot_25.jpg,1280,720,hat,626,29,776,155
Scrshot_250.jpg,1280,720,hat,799,329,945,492
Scrshot_251.jpg,1280,720,hat,808,321,941,481
Scrshot_252.jpg,1280,720,hat,1083,535,1254,720
Scrshot_253.jpg,1280,720,hat,601,258,726,409
Scrshot_253.jpg,1280,720,hat,1035,550,1246,720
Scrshot_254.jpg,1280,720,hat,838,368,964,525
Scrshot_254.jpg,1280,720,hat,1057,521,1268,720
Scrshot_255.jpg,1280,720,hat,799,470,1026,701
Scrshot_255.jpg,1280,720,hat,798,376,969,533
Scrshot_256.jpg,1280,720,hat,849,227,1004,399
Scrshot_257.jpg,1280,720,hat,749,335,934,576
Scrshot_258.jpg,1280,720,hat,726,325,876,496
Scrshot_258.jpg,1280,720,no_hat,568,6,653,99
Scrshot_259.jpg,1280,720,hat,420,105,486,196
Scrshot_26.jpg,1280,720,hat,632,11,775,157
Scrshot_260.jpg,1280,720,hat,534,144,631,247
Scrshot_260.jpg,1280,720,hat,1078,495,1236,709
Scrshot_261.jpg,1280,720,hat,869,347,1012,503
Scrshot_261.jpg,1280,720,hat,613,532,893,720
Scrshot_262.jpg,1280,720,hat,598,374,727,499
Scrshot_262.jpg,1280,720,hat,586,505,858,720
Scrshot_263.jpg,1280,720,hat,643,244,754,401
Scrshot_264.jpg,1280,720,hat,824,327,976,540
Scrshot_264.jpg,1280,720,no_hat,391,22,449,129
Scrshot_265.jpg,1280,720,hat,531,122,606,206
Scrshot_266.jpg,1280,720,hat,771,303,876,459
Scrshot_266.jpg,1280,720,hat,1131,535,1280,720
Scrshot_266.jpg,1280,720,no_hat,543,73,599,168
Scrshot_266.jpg,1280,720,no_hat,501,50,549,142
Scrshot_267.jpg,1280,720,no_hat,539,85,604,170
Scrshot_267.jpg,1280,720,no_hat,527,50,569,132
Scrshot_267.jpg,1280,720,hat,790,414,980,624
Scrshot_268.jpg,1280,720,hat,758,296,917,448
Scrshot_268.jpg,1280,720,hat,761,569,1030,720
Scrshot_268.jpg,1280,720,no_hat,538,84,595,174
Scrshot_268.jpg,1280,720,no_hat,528,57,571,124
Scrshot_269.jpg,1280,720,no_hat,506,105,553,191
Scrshot_269.jpg,1280,720,no_hat,541,54,583,129
Scrshot_269.jpg,1280,720,hat,752,258,871,403
Scrshot_269.jpg,1280,720,hat,1083,503,1257,720
Scrshot_270.jpg,1280,720,no_hat,543,103,594,164
Scrshot_270.jpg,1280,720,no_hat,516,92,564,150
Scrshot_270.jpg,1280,720,hat,401,87,435,129
Scrshot_270.jpg,1280,720,hat,1049,468,1223,707
Scrshot_271.jpg,1280,720,hat,504,128,580,228
Scrshot_272.jpg,1280,720,hat,742,351,894,539
Scrshot_272.jpg,1280,720,no_hat,530,72,576,164
Scrshot_276.jpg,1280,720,no_hat,580,144,678,287
Scrshot_28.jpg,1280,720,no_hat,139,5,428,490
Scrshot_28.jpg,1280,720,hat,428,1,615,239
Scrshot_28.jpg,1280,720,hat,685,1,795,85
Scrshot_281.jpg,1280,720,no_hat,860,1,962,142
Scrshot_281.jpg,1280,720,no_hat,768,57,858,184
Scrshot_282.jpg,1280,720,no_hat,790,28,871,144
Scrshot_282.jpg,1280,720,no_hat,820,128,904,264
Scrshot_283.jpg,1280,720,no_hat,724,29,827,183
Scrshot_283.jpg,1280,720,no_hat,834,5,919,113
Scrshot_284.jpg,1280,720,no_hat,728,28,838,201
Scrshot_284.jpg,1280,720,no_hat,843,2,919,111
Scrshot_285.jpg,1280,720,no_hat,708,38,813,192
Scrshot_285.jpg,1280,720,no_hat,849,1,939,85
Scrshot_286.jpg,1280,720,no_hat,810,96,916,233
Scrshot_287.jpg,1280,720,no_hat,773,81,864,218
Scrshot_287.jpg,1280,720,no_hat,810,11,897,124
Scrshot_288.jpg,1280,720,no_hat,732,44,861,188
Scrshot_288.jpg,1280,720,no_hat,852,1,916,46
Scrshot_289.jpg,1280,720,no_hat,806,124,915,233
Scrshot_289.jpg,1280,720,no_hat,962,1,1036,70
Scrshot_289.jpg,1280,720,no_hat,778,1,847,48
Scrshot_29.jpg,1280,720,hat,694,1,773,70
Scrshot_29.jpg,1280,720,hat,560,185,658,265
Scrshot_290.jpg,1280,720,no_hat,719,28,813,190
Scrshot_291.jpg,1280,720,no_hat,742,40,847,192
Scrshot_291.jpg,1280,720,no_hat,837,1,910,74
Scrshot_291.jpg,1280,720,no_hat,452,122,561,272
Scrshot_292.jpg,1280,720,no_hat,671,35,757,180
Scrshot_292.jpg,1280,720,no_hat,769,50,861,191
Scrshot_292.jpg,1280,720,no_hat,838,1,905,57
Scrshot_293.jpg,1280,720,no_hat,786,99,890,221
Scrshot_293.jpg,1280,720,no_hat,828,2,899,102
Scrshot_293.jpg,1280,720,no_hat,562,65,646,177
Scrshot_294.jpg,1280,720,no_hat,768,88,857,209
Scrshot_294.jpg,1280,720,no_hat,827,10,894,129
Scrshot_294.jpg,1280,720,no_hat,446,87,527,228
Scrshot_295.jpg,1280,720,no_hat,438,92,524,229
Scrshot_295.jpg,1280,720,no_hat,756,102,856,233
Scrshot_295.jpg,1280,720,no_hat,803,1,889,114
Scrshot_296.jpg,1280,720,no_hat,784,117,883,244
Scrshot_296.jpg,1280,720,no_hat,818,1,895,107
Scrshot_296.jpg,1280,720,no_hat,439,139,517,266
Scrshot_297.jpg,1280,720,no_hat,756,95,858,209
Scrshot_297.jpg,1280,720,no_hat,828,10,908,122
Scrshot_298.jpg,1280,720,no_hat,736,92,842,228
Scrshot_298.jpg,1280,720,no_hat,546,10,647,102
Scrshot_299.jpg,1280,720,no_hat,731,69,834,209
Scrshot_299.jpg,1280,720,no_hat,552,66,636,209
Scrshot_299.jpg,1280,720,no_hat,846,1,920,59
Scrshot_3.jpg,1280,720,hat,538,255,791,513
Scrshot_3.jpg,1280,720,hat,152,39,295,228
Scrshot_3.jpg,1280,720,hat,620,2,757,142
Scrshot_30.jpg,1280,720,hat,557,10,715,192
Scrshot_300.jpg,1280,720,no_hat,764,150,879,243
Scrshot_300.jpg,1280,720,no_hat,809,5,891,135
Scrshot_301.jpg,1280,720,no_hat,804,2,887,120
Scrshot_301.jpg,1280,720,no_hat,723,106,806,251
Scrshot_302.jpg,1280,720,no_hat,779,118,871,240
Scrshot_302.jpg,1280,720,no_hat,836,3,901,124
Scrshot_303.jpg,1280,720,no_hat,816,117,957,228
Scrshot_303.jpg,1280,720,no_hat,791,1,883,72
Scrshot_304.jpg,1280,720,no_hat,813,157,927,272
Scrshot_304.jpg,1280,720,no_hat,802,1,862,50
Scrshot_305.jpg,1280,720,no_hat,789,94,867,251
Scrshot_306.jpg,1280,720,no_hat,779,110,865,244
Scrshot_306.jpg,1280,720,no_hat,782,1,857,84
Scrshot_307.jpg,1280,720,no_hat,779,95,858,233
Scrshot_308.jpg,1280,720,no_hat,789,46,924,214
Scrshot_309.jpg,1280,720,no_hat,749,121,871,231
Scrshot_31.jpg,1280,720,hat,397,199,676,520
Scrshot_31.jpg,1280,720,hat,587,22,735,144
Scrshot_310.jpg,1280,720,no_hat,697,40,787,199
Scrshot_310.jpg,1280,720,no_hat,853,1,918,57
Scrshot_311.jpg,1280,720,no_hat,686,181,794,351
Scrshot_311.jpg,1280,720,no_hat,736,38,817,166
Scrshot_311.jpg,1280,720,no_hat,812,1,902,66
Scrshot_312.jpg,1280,720,no_hat,789,187,938,284
Scrshot_312.jpg,1280,720,no_hat,1012,174,1143,383
Scrshot_312.jpg,1280,720,no_hat,830,2,905,116
Scrshot_312.jpg,1280,720,no_hat,345,79,410,188
Scrshot_313.jpg,1280,720,no_hat,760,38,842,213
Scrshot_313.jpg,1280,720,no_hat,827,2,915,105
Scrshot_314.jpg,1280,720,no_hat,798,132,898,255
Scrshot_314.jpg,1280,720,no_hat,814,1,916,70
Scrshot_315.jpg,1280,720,no_hat,672,31,761,184
Scrshot_315.jpg,1280,720,no_hat,811,1,887,73
Scrshot_316.jpg,1280,720,no_hat,606,51,691,187
Scrshot_316.jpg,1280,720,no_hat,862,1,950,70
Scrshot_317.jpg,1280,720,no_hat,683,28,791,180
Scrshot_318.jpg,1280,720,no_hat,750,53,839,205
Scrshot_318.jpg,1280,720,no_hat,797,102,891,179
Scrshot_319.jpg,1280,720,no_hat,801,79,886,216
Scrshot_32.jpg,1280,720,hat,432,184,727,469
Scrshot_32.jpg,1280,720,hat,485,1,630,172
Scrshot_320.jpg,1280,720,no_hat,795,87,893,221
Scrshot_320.jpg,1280,720,no_hat,785,1,899,73
Scrshot_321.jpg,1280,720,no_hat,794,96,872,243
Scrshot_321.jpg,1280,720,no_hat,845,1,919,58
Scrshot_322.jpg,1280,720,no_hat,805,122,889,254
Scrshot_322.jpg,1280,720,no_hat,807,1,895,62
Scrshot_323.jpg,1280,720,no_hat,815,135,894,265
Scrshot_323.jpg,1280,720,no_hat,801,1,899,59
Scrshot_324.jpg,1280,720,no_hat,793,122,880,250
Scrshot_324.jpg,1280,720,no_hat,821,1,916,81
Scrshot_325.jpg,1280,720,no_hat,713,40,801,177
Scrshot_325.jpg,1280,720,no_hat,1102,174,1206,362
Scrshot_325.jpg,1280,720,no_hat,828,1,905,72
Scrshot_326.jpg,1280,720,no_hat,802,90,882,222
Scrshot_326.jpg,1280,720,no_hat,1090,165,1215,355
Scrshot_326.jpg,1280,720,no_hat,789,1,883,74
Scrshot_327.jpg,1280,720,no_hat,808,116,884,247
Scrshot_327.jpg,1280,720,no_hat,884,88,984,148
Scrshot_327.jpg,1280,720,no_hat,1095,187,1210,366
Scrshot_328.jpg,1280,720,no_hat,1063,184,1182,383
Scrshot_328.jpg,1280,720,no_hat,749,50,843,165
Scrshot_328.jpg,1280,720,no_hat,802,1,878,80
Scrshot_329.jpg,1280,720,no_hat,1106,157,1223,372
Scrshot_329.jpg,1280,720,no_hat,816,101,928,220
Scrshot_33.jpg,1280,720,hat,435,51,672,280
Scrshot_330.jpg,1280,720,no_hat,1095,150,1204,366
Scrshot_330.jpg,1280,720,no_hat,767,70,856,209
Scrshot_330.jpg,1280,720,no_hat,797,1,879,94
Scrshot_331.jpg,1280,720,no_hat,798,114,884,244
Scrshot_331.jpg,1280,720,no_hat,803,1,887,128
Scrshot_332.jpg,1280,720,no_hat,818,173,987,268
Scrshot_333.jpg,1280,720,no_hat,908,114,1027,292
Scrshot_333.jpg,1280,720,no_hat,699,29,806,185
Scrshot_333.jpg,1280,720,no_hat,806,1,897,91
Scrshot_334.jpg,1280,720,no_hat,753,184,884,416
Scrshot_334.jpg,1280,720,no_hat,783,143,926,218
Scrshot_334.jpg,1280,720,no_hat,708,1,769,80
Scrshot_335.jpg,1280,720,no_hat,542,322,719,551
Scrshot_335.jpg,1280,720,no_hat,812,154,961,248
Scrshot_335.jpg,1280,720,no_hat,774,1,842,117
Scrshot_336.jpg,1280,720,no_hat,786,116,879,280
Scrshot_337.jpg,1280,720,no_hat,723,35,831,195
Scrshot_337.jpg,1280,720,no_hat,923,420,1106,706
Scrshot_338.jpg,1280,720,no_hat,780,184,919,458
Scrshot_338.jpg,1280,720,no_hat,671,38,764,192
Scrshot_338.jpg,1280,720,no_hat,904,380,1104,646
Scrshot_339.jpg,1280,720,no_hat,621,136,757,311
Scrshot_339.jpg,1280,720,no_hat,742,36,836,199
Scrshot_340.jpg,1280,720,no_hat,684,11,791,181
Scrshot_340.jpg,1280,720,no_hat,901,1,999,118
Scrshot_341.jpg,1280,720,no_hat,773,24,862,184
Scrshot_341.jpg,1280,720,no_hat,850,1,919,39
Scrshot_342.jpg,1280,720,no_hat,853,150,965,240
Scrshot_342.jpg,1280,720,no_hat,814,1,882,114
Scrshot_342.jpg,1280,720,no_hat,978,1,1053,103
Scrshot_343.jpg,1280,720,no_hat,784,80,869,225
Scrshot_343.jpg,1280,720,no_hat,807,1,878,110
Scrshot_343.jpg,1280,720,no_hat,949,1,1049,77
Scrshot_344.jpg,1280,720,no_hat,769,32,852,201
Scrshot_344.jpg,1280,720,no_hat,834,1,906,53
Scrshot_344.jpg,1280,720,no_hat,963,1,1033,94
Scrshot_345.jpg,1280,720,no_hat,709,66,816,201
Scrshot_345.jpg,1280,720,no_hat,842,18,912,144
Scrshot_346.jpg,1280,720,no_hat,660,43,771,209
Scrshot_347.jpg,1280,720,no_hat,842,101,912,259
Scrshot_347.jpg,1280,720,no_hat,375,95,452,185
Scrshot_348.jpg,1280,720,no_hat,843,165,956,269
Scrshot_348.jpg,1280,720,no_hat,330,107,408,192
Scrshot_349.jpg,1280,720,no_hat,817,122,884,259
Scrshot_35.jpg,1280,720,no_hat,288,1,457,205
Scrshot_35.jpg,1280,720,hat,590,1,762,172
Scrshot_350.jpg,1280,720,no_hat,764,22,879,201
Scrshot_351.jpg,1280,720,no_hat,795,117,878,259
Scrshot_352.jpg,1280,720,no_hat,579,81,679,216
Scrshot_353.jpg,1280,720,no_hat,827,32,934,209
Scrshot_354.jpg,1280,720,no_hat,686,39,784,188
Scrshot_354.jpg,1280,720,no_hat,894,1,986,113
Scrshot_355.jpg,1280,720,no_hat,805,124,890,257
Scrshot_355.jpg,1280,720,no_hat,906,1,980,114
Scrshot_356.jpg,1280,720,no_hat,706,69,785,231
Scrshot_356.jpg,1280,720,no_hat,836,66,926,183
Scrshot_357.jpg,1280,720,no_hat,513,80,650,291
Scrshot_357.jpg,1280,720,no_hat,824,38,930,181
Scrshot_358.jpg,1280,720,no_hat,475,83,593,235
Scrshot_358.jpg,1280,720,no_hat,833,1,946,158
Scrshot_358.jpg,1280,720,no_hat,328,118,416,192
Scrshot_359.jpg,1280,720,no_hat,817,28,899,185
Scrshot_359.jpg,1280,720,no_hat,328,103,431,169
Scrshot_36.jpg,1280,720,hat,297,205,471,472
Scrshot_36.jpg,1280,720,hat,476,1,647,164
Scrshot_360.jpg,1280,720,no_hat,793,29,875,183
Scrshot_360.jpg,1280,720,no_hat,387,51,478,157
Scrshot_361.jpg,1280,720,no_hat,723,18,816,177
Scrshot_361.jpg,1280,720,no_hat,438,38,501,129
Scrshot_362.jpg,1280,720,no_hat,394,51,449,157
Scrshot_363.jpg,1280,720,no_hat,471,36,530,143
Scrshot_364.jpg,1280,720,no_hat,386,53,460,166
Scrshot_364.jpg,1280,720,no_hat,430,44,520,138
Scrshot_365.jpg,1280,720,no_hat,431,17,489,144
Scrshot_365.jpg,1280,720,no_hat,523,1,595,87
Scrshot_366.jpg,1280,720,no_hat,550,139,650,316
Scrshot_366.jpg,1280,720,no_hat,546,1,624,92
Scrshot_366.jpg,1280,720,no_hat,415,43,487,150
Scrshot_367.jpg,1280,720,no_hat,439,11,508,105
Scrshot_367.jpg,1280,720,no_hat,566,1,624,70
Scrshot_367.jpg,1280,720,no_hat,689,477,1037,720
Scrshot_368.jpg,1280,720,no_hat,558,1,608,74
Scrshot_368.jpg,1280,720,no_hat,1038,179,1199,411
Scrshot_369.jpg,1280,720,no_hat,472,1,539,88
Scrshot_369.jpg,1280,720,no_hat,550,1,630,73
Scrshot_37.jpg,1280,720,hat,582,1,690,138
Scrshot_370.jpg,1280,720,no_hat,467,11,521,91
Scrshot_370.jpg,1280,720,no_hat,584,1,638,54
Scrshot_371.jpg,1280,720,no_hat,473,2,554,80
Scrshot_371.jpg,1280,720,no_hat,711,1,784,50
Scrshot_371.jpg,1280,720,no_hat,659,1,709,43
Scrshot_372.jpg,1280,720,no_hat,768,29,857,180
Scrshot_372.jpg,1280,720,no_hat,520,1,579,61
Scrshot_373.jpg,1280,720,no_hat,526,3,580,83
Scrshot_373.jpg,1280,720,no_hat,909,1,1028,122
Scrshot_374.jpg,1280,720,no_hat,509,54,560,117
Scrshot_374.jpg,1280,720,no_hat,621,5,704,70
Scrshot_374.jpg,1280,720,no_hat,676,1,745,50
Scrshot_375.jpg,1280,720,no_hat,432,43,515,138
Scrshot_375.jpg,1280,720,no_hat,337,85,426,177
Scrshot_376.jpg,1280,720,hat,950,143,1021,239
Scrshot_376.jpg,1280,720,hat,408,40,458,106
Scrshot_376.jpg,1280,720,hat,490,2,523,50
Scrshot_376.jpg,1280,720,hat,516,9,543,58
Scrshot_376.jpg,1280,720,hat,921,38,958,72
Scrshot_376.jpg,1280,720,hat,816,25,850,50
Scrshot_376.jpg,1280,720,hat,757,17,794,51
Scrshot_376.jpg,1280,720,hat,715,1,741,31
Scrshot_376.jpg,1280,720,hat,621,16,656,42
Scrshot_377.jpg,1280,720,hat,613,36,652,95
Scrshot_377.jpg,1280,720,hat,513,39,553,90
Scrshot_377.jpg,1280,720,hat,468,7,501,51
Scrshot_377.jpg,1280,720,hat,543,5,573,46
Scrshot_377.jpg,1280,720,hat,662,1,687,31
Scrshot_377.jpg,1280,720,hat,699,2,727,38
Scrshot_377.jpg,1280,720,hat,773,14,810,50
Scrshot_377.jpg,1280,720,hat,824,24,857,65
Scrshot_377.jpg,1280,720,hat,920,18,965,79
Scrshot_378.jpg,1280,720,hat,639,28,680,76
Scrshot_378.jpg,1280,720,hat,445,43,490,101
Scrshot_378.jpg,1280,720,hat,471,10,509,61
Scrshot_378.jpg,1280,720,hat,547,11,578,51
Scrshot_378.jpg,1280,720,hat,571,5,604,43
Scrshot_378.jpg,1280,720,hat,802,25,835,58
Scrshot_378.jpg,1280,720,hat,906,25,953,72
Scrshot_378.jpg,1280,720,hat,746,11,783,43
Scrshot_379.jpg,1280,720,hat,664,28,705,80
Scrshot_379.jpg,1280,720,hat,494,32,539,84
Scrshot_379.jpg,1280,720,hat,473,10,506,48
Scrshot_379.jpg,1280,720,hat,524,10,554,44
Scrshot_379.jpg,1280,720,hat,758,25,784,47
Scrshot_379.jpg,1280,720,hat,791,25,813,57
Scrshot_379.jpg,1280,720,hat,920,35,957,73
Scrshot_38.jpg,1280,720,hat,553,1,673,176
Scrshot_380.jpg,1280,720,hat,672,44,723,99
Scrshot_380.jpg,1280,720,hat,543,1,569,39
Scrshot_380.jpg,1280,720,hat,679,5,699,44
Scrshot_380.jpg,1280,720,hat,587,10,609,44
Scrshot_380.jpg,1280,720,hat,745,11,765,43
Scrshot_380.jpg,1280,720,hat,791,10,821,39
Scrshot_380.jpg,1280,720,hat,923,43,956,72
Scrshot_381.jpg,1280,720,hat,1226,125,1276,194
Scrshot_381.jpg,1280,720,hat,916,28,961,73
Scrshot_381.jpg,1280,720,hat,813,16,841,53
Scrshot_381.jpg,1280,720,hat,752,14,780,50
Scrshot_381.jpg,1280,720,hat,652,7,687,39
Scrshot_381.jpg,1280,720,hat,497,1,536,51
Scrshot_381.jpg,1280,720,hat,599,5,638,38
Scrshot_382.jpg,1280,720,no_hat,934,374,1054,591
Scrshot_382.jpg,1280,720,hat,532,3,578,58
Scrshot_382.jpg,1280,720,hat,660,16,690,43
Scrshot_382.jpg,1280,720,hat,999,51,1042,109
Scrshot_382.jpg,1280,720,hat,966,52,1002,87
Scrshot_382.jpg,1280,720,hat,919,32,953,64
Scrshot_382.jpg,1280,720,hat,784,20,826,51
Scrshot_382.jpg,1280,720,hat,758,9,782,51
Scrshot_382.jpg,1280,720,hat,598,1,627,22
Scrshot_383.jpg,1280,720,hat,1090,81,1134,151
Scrshot_383.jpg,1280,720,hat,921,31,958,73
Scrshot_383.jpg,1280,720,hat,861,16,897,57
Scrshot_383.jpg,1280,720,hat,764,20,795,46
Scrshot_383.jpg,1280,720,hat,661,11,693,50
Scrshot_383.jpg,1280,720,hat,582,14,605,51
Scrshot_383.jpg,1280,720,no_hat,689,10,709,43
Scrshot_384.jpg,1280,720,hat,1223,195,1280,291
Scrshot_384.jpg,1280,720,hat,935,43,962,73
Scrshot_384.jpg,1280,720,hat,531,3,557,43
Scrshot_384.jpg,1280,720,hat,579,3,606,53
Scrshot_385.jpg,1280,720,hat,493,94,538,142
Scrshot_385.jpg,1280,720,hat,524,5,557,43
Scrshot_385.jpg,1280,720,hat,571,7,598,48
Scrshot_385.jpg,1280,720,hat,932,35,958,69
Scrshot_385.jpg,1280,720,hat,772,22,789,53
Scrshot_385.jpg,1280,720,hat,746,1,764,28
Scrshot_386.jpg,1280,720,hat,1101,221,1184,347
Scrshot_386.jpg,1280,720,hat,491,7,517,51
Scrshot_386.jpg,1280,720,hat,571,11,602,50
Scrshot_386.jpg,1280,720,hat,805,9,841,39
Scrshot_386.jpg,1280,720,hat,923,29,949,62
Scrshot_386.jpg,1280,720,hat,767,22,797,46
Scrshot_387.jpg,1280,720,hat,805,143,857,216
Scrshot_387.jpg,1280,720,hat,531,125,593,194
Scrshot_388.jpg,1280,720,hat,697,142,746,206
Scrshot_388.jpg,1280,720,hat,517,118,580,183
Scrshot_389.jpg,1280,720,hat,697,121,761,190
Scrshot_389.jpg,1280,720,hat,543,125,605,190
Scrshot_39.jpg,1280,720,hat,549,64,749,266
Scrshot_39.jpg,1280,720,no_hat,379,1,524,127
Scrshot_390.jpg,1280,720,hat,694,124,757,194
Scrshot_390.jpg,1280,720,hat,519,129,594,192
Scrshot_391.jpg,1280,720,hat,706,143,761,194
Scrshot_391.jpg,1280,720,hat,516,116,587,176
Scrshot_392.jpg,1280,720,hat,706,138,752,195
Scrshot_392.jpg,1280,720,hat,523,107,609,173
Scrshot_393.jpg,1280,720,hat,702,125,756,199
Scrshot_393.jpg,1280,720,hat,528,110,582,173
Scrshot_394.jpg,1280,720,hat,699,135,746,201
Scrshot_394.jpg,1280,720,hat,515,103,571,170
Scrshot_395.jpg,1280,720,hat,682,131,757,194
Scrshot_395.jpg,1280,720,hat,515,103,578,168
Scrshot_396.jpg,1280,720,hat,686,131,754,206
Scrshot_396.jpg,1280,720,hat,524,113,587,177
Scrshot_397.jpg,1280,720,hat,699,132,750,207
Scrshot_397.jpg,1280,720,hat,524,125,580,183
Scrshot_398.jpg,1280,720,hat,706,80,757,159
Scrshot_398.jpg,1280,720,hat,568,125,615,172
Scrshot_398.jpg,1280,720,hat,321,47,358,87
Scrshot_398.jpg,1280,720,hat,1001,1,1035,42
Scrshot_398.jpg,1280,720,hat,932,1,967,35
Scrshot_398.jpg,1280,720,hat,897,1,927,42
Scrshot_398.jpg,1280,720,hat,780,7,819,50
Scrshot_399.jpg,1280,720,hat,554,121,597,177
Scrshot_399.jpg,1280,720,hat,649,101,734,170
Scrshot_399.jpg,1280,720,hat,906,31,942,109
Scrshot_399.jpg,1280,720,hat,1003,1,1030,51
Scrshot_399.jpg,1280,720,hat,838,2,879,50
Scrshot_399.jpg,1280,720,hat,315,31,356,81
Scrshot_4.jpg,1280,720,hat,532,291,772,577
Scrshot_40.jpg,1280,720,hat,356,1,553,157
Scrshot_400.jpg,1280,720,hat,601,114,665,170
Scrshot_400.jpg,1280,720,hat,723,53,784,131
Scrshot_400.jpg,1280,720,hat,842,1,882,62
Scrshot_400.jpg,1280,720,hat,902,1,949,46
Scrshot_400.jpg,1280,720,hat,673,1,710,32
Scrshot_400.jpg,1280,720,hat,331,39,371,81
Scrshot_401.jpg,1280,720,hat,638,106,691,157
Scrshot_401.jpg,1280,720,hat,715,87,764,157
Scrshot_401.jpg,1280,720,hat,876,16,920,65
Scrshot_401.jpg,1280,720,hat,1011,1,1056,46
Scrshot_401.jpg,1280,720,hat,320,39,362,88
Scrshot_402.jpg,1280,720,hat,642,85,712,148
Scrshot_402.jpg,1280,720,hat,735,65,776,135
Scrshot_402.jpg,1280,720,hat,872,18,899,62
Scrshot_402.jpg,1280,720,hat,1005,1,1047,54
Scrshot_402.jpg,1280,720,hat,317,38,364,85
Scrshot_402.jpg,1280,720,no_hat,775,31,805,84
Scrshot_403.jpg,1280,720,hat,573,102,641,165
Scrshot_403.jpg,1280,720,hat,721,68,786,142
Scrshot_403.jpg,1280,720,hat,872,24,912,66
Scrshot_403.jpg,1280,720,hat,957,5,997,70
Scrshot_403.jpg,1280,720,hat,767,3,799,43
Scrshot_403.jpg,1280,720,hat,324,50,364,79
Scrshot_404.jpg,1280,720,hat,630,114,686,168
Scrshot_404.jpg,1280,720,hat,717,68,779,144
Scrshot_404.jpg,1280,720,hat,989,1,1015,43
Scrshot_404.jpg,1280,720,hat,907,1,935,29
Scrshot_404.jpg,1280,720,hat,323,48,371,87
Scrshot_404.jpg,1280,720,hat,287,29,326,74
Scrshot_405.jpg,1280,720,hat,446,139,506,209
Scrshot_405.jpg,1280,720,hat,680,83,735,138
Scrshot_405.jpg,1280,720,hat,909,11,952,74
Scrshot_405.jpg,1280,720,hat,969,1,1008,59
Scrshot_405.jpg,1280,720,hat,849,1,894,47
Scrshot_405.jpg,1280,720,hat,743,1,771,33
Scrshot_405.jpg,1280,720,hat,667,1,704,44
Scrshot_405.jpg,1280,720,hat,326,53,365,84
Scrshot_405.jpg,1280,720,no_hat,736,14,769,66
Scrshot_406.jpg,1280,720,hat,521,370,636,558
Scrshot_406.jpg,1280,720,hat,524,117,595,188
Scrshot_406.jpg,1280,720,hat,704,73,761,128
Scrshot_406.jpg,1280,720,hat,969,38,1020,105
Scrshot_406.jpg,1280,720,hat,849,1,895,54
Scrshot_406.jpg,1280,720,hat,309,39,358,84
Scrshot_407.jpg,1280,720,hat,528,125,586,190
Scrshot_407.jpg,1280,720,hat,669,95,736,142
Scrshot_407.jpg,1280,720,hat,956,44,1006,92
Scrshot_407.jpg,1280,720,hat,854,1,886,43
Scrshot_407.jpg,1280,720,hat,319,47,358,84
Scrshot_408.jpg,1280,720,hat,720,99,769,176
Scrshot_408.jpg,1280,720,hat,682,94,730,142
Scrshot_408.jpg,1280,720,hat,861,1,887,44
Scrshot_408.jpg,1280,720,hat,321,29,358,79
Scrshot_41.jpg,1280,720,hat,676,1,756,55
Scrshot_42.jpg,1280,720,hat,1,21,367,444
Scrshot_42.jpg,1280,720,no_hat,616,1,695,83
Scrshot_42.jpg,1280,720,no_hat,504,1,620,122
Scrshot_43.jpg,1280,720,hat,587,1,686,69
Scrshot_44.jpg,1280,720,hat,689,25,793,131
Scrshot_445.jpg,1280,720,hat,630,255,716,343
Scrshot_446.jpg,1280,720,hat,610,264,723,379
Scrshot_45.jpg,1280,720,hat,1,74,146,425
Scrshot_45.jpg,1280,720,hat,654,1,739,95
Scrshot_458.jpg,1280,720,no_hat,194,170,331,354
Scrshot_46.jpg,1280,720,hat,622,1,719,102
Scrshot_461.jpg,1280,720,hat,991,68,1049,162
Scrshot_462.jpg,1280,720,hat,201,53,253,116
Scrshot_463.jpg,1280,720,hat,108,50,158,109
Scrshot_47.jpg,1280,720,hat,428,17,708,321
Scrshot_47.jpg,1280,720,hat,675,1,752,66
Scrshot_47.jpg,1280,720,no_hat,646,50,779,225
Scrshot_475.jpg,1280,720,hat,486,42,553,101
Scrshot_476.jpg,1280,720,hat,504,43,531,90
Scrshot_477.jpg,1280,720,hat,482,46,532,94
Scrshot_478.jpg,1280,720,hat,483,51,543,102
Scrshot_479.jpg,1280,720,hat,490,72,524,125
Scrshot_48.jpg,1280,720,no_hat,613,14,757,214
Scrshot_48.jpg,1280,720,hat,630,1,708,57
Scrshot_480.jpg,1280,720,hat,483,53,549,109
Scrshot_481.jpg,1280,720,hat,494,53,550,106
Scrshot_482.jpg,1280,720,hat,480,53,523,102
Scrshot_483.jpg,1280,720,hat,508,57,553,111
Scrshot_484.jpg,1280,720,hat,485,60,529,105
Scrshot_485.jpg,1280,720,hat,495,58,550,109
Scrshot_49.jpg,1280,720,no_hat,595,1,736,188
Scrshot_5.jpg,1280,720,hat,445,190,690,487
Scrshot_5.jpg,1280,720,hat,652,21,790,180
Scrshot_50.jpg,1280,720,hat,423,17,641,307
Scrshot_50.jpg,1280,720,hat,681,1,765,70
Scrshot_51.jpg,1280,720,hat,246,116,417,313
Scrshot_51.jpg,1280,720,no_hat,613,1,757,201
Scrshot_52.jpg,1280,720,hat,467,14,731,372
Scrshot_52.jpg,1280,720,no_hat,657,1,787,191
Scrshot_53.jpg,1280,720,hat,254,1,402,147
Scrshot_530.jpg,1280,720,no_hat,430,32,497,136
Scrshot_530.jpg,1280,720,no_hat,543,29,616,116
Scrshot_531.jpg,1280,720,no_hat,453,61,516,157
Scrshot_531.jpg,1280,720,no_hat,545,18,610,114
Scrshot_532.jpg,1280,720,no_hat,431,25,484,117
Scrshot_532.jpg,1280,720,no_hat,575,46,624,129
Scrshot_533.jpg,1280,720,no_hat,431,36,506,127
Scrshot_533.jpg,1280,720,no_hat,567,40,630,138
Scrshot_533.jpg,1280,720,no_hat,1065,270,1130,361
Scrshot_534.jpg,1280,720,no_hat,461,43,521,121
Scrshot_534.jpg,1280,720,no_hat,543,21,605,117
Scrshot_534.jpg,1280,720,no_hat,1053,272,1127,361
Scrshot_535.jpg,1280,720,no_hat,450,39,506,122
Scrshot_535.jpg,1280,720,no_hat,538,24,601,95
Scrshot_535.jpg,1280,720,no_hat,410,1,468,46
Scrshot_535.jpg,1280,720,no_hat,1041,250,1112,354
Scrshot_536.jpg,1280,720,no_hat,424,29,482,106
Scrshot_536.jpg,1280,720,no_hat,562,64,619,150
Scrshot_536.jpg,1280,720,no_hat,1065,242,1126,369
Scrshot_537.jpg,1280,720,no_hat,398,31,476,117
Scrshot_537.jpg,1280,720,no_hat,534,31,593,114
Scrshot_537.jpg,1280,720,no_hat,1036,232,1120,346
Scrshot_537.jpg,1280,720,no_hat,409,1,464,47
Scrshot_538.jpg,1280,720,no_hat,450,31,515,120
Scrshot_538.jpg,1280,720,no_hat,535,24,602,113
Scrshot_538.jpg,1280,720,no_hat,1045,253,1106,347
Scrshot_539.jpg,1280,720,no_hat,398,43,484,127
Scrshot_539.jpg,1280,720,no_hat,568,68,617,144
Scrshot_539.jpg,1280,720,no_hat,428,1,472,44
Scrshot_54.jpg,1280,720,no_hat,645,1,754,136
Scrshot_540.jpg,1280,720,no_hat,446,36,499,135
Scrshot_540.jpg,1280,720,no_hat,545,44,615,127
Scrshot_540.jpg,1280,720,no_hat,89,1,147,40
Scrshot_541.jpg,1280,720,no_hat,701,453,823,606
Scrshot_542.jpg,1280,720,no_hat,154,310,234,442
Scrshot_543.jpg,1280,720,no_hat,147,329,213,428
Scrshot_544.jpg,1280,720,no_hat,830,592,956,690
Scrshot_545.jpg,1280,720,no_hat,386,222,464,292
Scrshot_545.jpg,1280,720,no_hat,335,236,394,309
Scrshot_546.jpg,1280,720,no_hat,309,236,380,318
Scrshot_546.jpg,1280,720,no_hat,399,241,469,304
Scrshot_547.jpg,1280,720,no_hat,387,224,461,307
Scrshot_547.jpg,1280,720,no_hat,283,242,357,321
Scrshot_548.jpg,1280,720,no_hat,315,251,389,340
Scrshot_55.jpg,1280,720,hat,1,148,261,659
Scrshot_55.jpg,1280,720,hat,514,1,679,170
Scrshot_550.jpg,1280,720,no_hat,208,339,279,472
Scrshot_56.jpg,1280,720,hat,538,158,687,372
Scrshot_56.jpg,1280,720,hat,619,1,724,121
Scrshot_56.jpg,1280,720,no_hat,213,1,343,148
Scrshot_57.jpg,1280,720,hat,606,1,721,118
Scrshot_572.jpg,1280,720,no_hat,573,479,645,614
Scrshot_58.jpg,1280,720,hat,569,1,712,185
Scrshot_582.jpg,1280,720,no_hat,132,447,323,683
Scrshot_583.jpg,1280,720,no_hat,202,498,396,720
Scrshot_583.jpg,1280,720,no_hat,1052,1,1094,47
Scrshot_584.jpg,1280,720,no_hat,195,316,387,662
Scrshot_584.jpg,1280,720,no_hat,1058,1,1105,64
Scrshot_59.jpg,1280,720,hat,557,95,741,258
Scrshot_6.jpg,1280,720,hat,83,270,376,647
Scrshot_6.jpg,1280,720,hat,613,1,767,151
Scrshot_60.jpg,1280,720,hat,589,6,721,184
Scrshot_61.jpg,1280,720,hat,405,1,516,192
Scrshot_62.jpg,1280,720,hat,621,1,783,222
Scrshot_63.jpg,1280,720,hat,676,1,765,70
Scrshot_66.jpg,1280,720,hat,550,48,753,258
Scrshot_67.jpg,1280,720,hat,497,1,672,246
Scrshot_678.jpg,1280,720,hat,319,176,384,247
Scrshot_678.jpg,1280,720,hat,323,98,382,191
Scrshot_679.jpg,1280,720,hat,678,128,739,213
Scrshot_679.jpg,1280,720,hat,842,102,894,185
Scrshot_679.jpg,1280,720,hat,950,101,998,165
Scrshot_68.jpg,1280,720,hat,545,21,717,250
Scrshot_680.jpg,1280,720,hat,472,80,505,133
Scrshot_69.jpg,1280,720,hat,572,21,756,227
Scrshot_7.jpg,1280,720,hat,620,24,758,157
Scrshot_70.jpg,1280,720,no_hat,507,1,594,46
Scrshot_703.jpg,1280,720,hat,862,309,946,457
Scrshot_703.jpg,1280,720,hat,984,46,1030,106
Scrshot_703.jpg,1280,720,hat,905,1,956,50
Scrshot_703.jpg,1280,720,no_hat,682,2,742,55
Scrshot_703.jpg,1280,720,no_hat,795,487,875,605
Scrshot_704.jpg,1280,720,no_hat,632,94,682,185
Scrshot_704.jpg,1280,720,no_hat,335,39,385,76
Scrshot_704.jpg,1280,720,hat,862,80,921,147
Scrshot_704.jpg,1280,720,hat,1060,59,1099,117
Scrshot_704.jpg,1280,720,hat,948,1,987,42
Scrshot_705.jpg,1280,720,no_hat,1139,258,1193,324
Scrshot_705.jpg,1280,720,no_hat,1235,294,1271,370
Scrshot_705.jpg,1280,720,hat,865,80,917,136
Scrshot_705.jpg,1280,720,hat,952,51,1002,118
Scrshot_705.jpg,1280,720,hat,909,1,956,50
Scrshot_706.jpg,1280,720,hat,336,62,416,129
Scrshot_706.jpg,1280,720,hat,1065,65,1106,122
Scrshot_706.jpg,1280,720,hat,903,1,945,44
Scrshot_706.jpg,1280,720,no_hat,784,228,842,284
Scrshot_706.jpg,1280,720,no_hat,835,55,884,135
Scrshot_707.jpg,1280,720,no_hat,995,214,1035,285
Scrshot_707.jpg,1280,720,no_hat,824,59,864,118
Scrshot_707.jpg,1280,720,hat,772,36,806,88
Scrshot_707.jpg,1280,720,hat,928,24,961,84
Scrshot_707.jpg,1280,720,hat,897,1,941,55
Scrshot_708.jpg,1280,720,hat,1058,59,1098,111
Scrshot_708.jpg,1280,720,hat,920,48,975,110
Scrshot_708.jpg,1280,720,hat,760,43,806,80
Scrshot_708.jpg,1280,720,no_hat,813,51,849,107
Scrshot_708.jpg,1280,720,no_hat,989,236,1023,294
Scrshot_709.jpg,1280,720,no_hat,689,291,757,406
Scrshot_709.jpg,1280,720,no_hat,573,121,635,211
Scrshot_709.jpg,1280,720,no_hat,853,72,919,120
Scrshot_709.jpg,1280,720,hat,1019,68,1066,129
Scrshot_709.jpg,1280,720,hat,789,20,857,77
Scrshot_71.jpg,1280,720,hat,404,1,565,172
Scrshot_71.jpg,1280,720,hat,670,1,756,64
Scrshot_71.jpg,1280,720,no_hat,508,2,631,140
Scrshot_710.jpg,1280,720,no_hat,539,2,589,62
Scrshot_710.jpg,1280,720,hat,769,25,828,91
Scrshot_710.jpg,1280,720,hat,938,48,993,116
Scrshot_710.jpg,1280,720,hat,1090,110,1129,164
Scrshot_711.jpg,1280,720,no_hat,791,176,852,227
Scrshot_712.jpg,1280,720,no_hat,816,202,898,265
Scrshot_712.jpg,1280,720,hat,931,535,1064,694
Scrshot_713.jpg,1280,720,no_hat,704,173,767,291
Scrshot_713.jpg,1280,720,hat,350,50,424,114
Scrshot_72.jpg,1280,720,hat,179,114,445,390
Scrshot_72.jpg,1280,720,hat,496,1,709,196
Scrshot_720.jpg,1280,720,hat,410,32,476,121
Scrshot_73.jpg,1280,720,no_hat,639,1,753,161
Scrshot_736.jpg,1280,720,no_hat,93,373,152,447
Scrshot_736.jpg,1280,720,no_hat,20,492,78,566
Scrshot_736.jpg,1280,720,no_hat,812,169,849,232
Scrshot_736.jpg,1280,720,hat,708,185,765,276
Scrshot_736.jpg,1280,720,hat,253,150,305,222
Scrshot_736.jpg,1280,720,hat,83,231,124,299
Scrshot_737.jpg,1280,720,hat,323,211,358,287
Scrshot_737.jpg,1280,720,hat,252,143,306,199
Scrshot_737.jpg,1280,720,hat,64,213,113,272
Scrshot_737.jpg,1280,720,no_hat,308,320,368,388
Scrshot_738.jpg,1280,720,no_hat,547,102,587,162
Scrshot_738.jpg,1280,720,no_hat,645,77,684,140
Scrshot_738.jpg,1280,720,hat,316,224,358,295
Scrshot_738.jpg,1280,720,hat,243,181,294,254
Scrshot_738.jpg,1280,720,hat,83,217,138,290
Scrshot_739.jpg,1280,720,no_hat,517,273,613,322
Scrshot_739.jpg,1280,720,no_hat,279,236,312,307
Scrshot_739.jpg,1280,720,hat,253,133,301,199
Scrshot_739.jpg,1280,720,hat,27,258,86,311
Scrshot_74.jpg,1280,720,no_hat,665,1,793,164
Scrshot_740.jpg,1280,720,no_hat,254,250,299,324
Scrshot_740.jpg,1280,720,hat,190,202,238,265
Scrshot_740.jpg,1280,720,hat,169,301,245,383
Scrshot_740.jpg,1280,720,hat,113,213,165,280
Scrshot_741.jpg,1280,720,hat,173,306,239,381
Scrshot_741.jpg,1280,720,hat,208,192,262,261
Scrshot_741.jpg,1280,720,hat,265,133,298,195
Scrshot_741.jpg,1280,720,no_hat,265,255,304,327
Scrshot_742.jpg,1280,720,hat,154,276,209,343
Scrshot_742.jpg,1280,720,hat,302,124,335,205
Scrshot_742.jpg,1280,720,no_hat,245,243,299,321
Scrshot_742.jpg,1280,720,no_hat,450,264,502,365
Scrshot_742.jpg,1280,720,no_hat,693,262,762,370
Scrshot_743.jpg,1280,720,no_hat,415,329,468,396
Scrshot_743.jpg,1280,720,no_hat,95,402,149,484
Scrshot_743.jpg,1280,720,hat,193,258,260,364
Scrshot_743.jpg,1280,720,hat,252,191,297,266
Scrshot_743.jpg,1280,720,hat,337,116,379,180
Scrshot_744.jpg,1280,720,hat,664,36,702,102
Scrshot_744.jpg,1280,720,hat,723,48,764,92
Scrshot_744.jpg,1280,720,no_hat,282,379,332,448
Scrshot_745.jpg,1280,720,no_hat,498,257,569,325
Scrshot_745.jpg,1280,720,hat,889,129,934,202
Scrshot_745.jpg,1280,720,hat,678,44,705,87
Scrshot_746.jpg,1280,720,no_hat,631,222,709,306
Scrshot_746.jpg,1280,720,hat,79,639,204,720
Scrshot_75.jpg,1280,720,hat,504,1,660,198
Scrshot_75.jpg,1280,720,no_hat,664,21,791,136
Scrshot_76.jpg,1280,720,hat,432,14,646,246
Scrshot_76.jpg,1280,720,no_hat,603,1,747,201
Scrshot_77.jpg,1280,720,hat,657,1,746,113
Scrshot_77.jpg,1280,720,no_hat,494,1,583,73
Scrshot_779.jpg,1280,720,hat,289,302,458,566
Scrshot_78.jpg,1280,720,hat,685,1,756,72
Scrshot_780.jpg,1280,720,hat,353,48,497,243
Scrshot_780.jpg,1280,720,hat,532,1,598,66
Scrshot_79.jpg,1280,720,no_hat,195,1,350,140
Scrshot_79.jpg,1280,720,no_hat,575,13,720,172
Scrshot_798.jpg,1280,720,no_hat,749,53,823,164
Scrshot_8.jpg,1280,720,hat,595,1,730,162
Scrshot_804.jpg,1280,720,hat,537,1,597,69
Scrshot_804.jpg,1280,720,no_hat,757,50,823,155
Scrshot_81.jpg,1280,720,hat,610,109,791,265
Scrshot_81.jpg,1280,720,hat,704,3,778,102
Scrshot_82.jpg,1280,720,hat,538,3,664,184
Scrshot_82.jpg,1280,720,hat,653,29,752,127
Scrshot_828.jpg,1280,720,hat,1,50,62,142
Scrshot_83.jpg,1280,720,no_hat,530,1,630,127
Scrshot_831.jpg,1280,720,hat,116,370,282,583
Scrshot_837.jpg,1280,720,hat,501,51,608,231
Scrshot_84.jpg,1280,720,hat,650,21,802,185
Scrshot_848.jpg,1280,720,no_hat,526,299,649,477
Scrshot_850.jpg,1280,720,no_hat,623,351,727,499
Scrshot_851.jpg,1280,720,no_hat,587,322,693,485
Scrshot_855.jpg,1280,720,hat,208,21,289,176
Scrshot_856.jpg,1280,720,hat,80,562,226,720
Scrshot_857.jpg,1280,720,hat,127,581,248,720
Scrshot_858.jpg,1280,720,hat,94,573,223,720
Scrshot_859.jpg,1280,720,hat,56,57,146,196
Scrshot_859.jpg,1280,720,no_hat,424,65,520,233
Scrshot_86.jpg,1280,720,hat,346,2,565,272
Scrshot_860.jpg,1280,720,hat,119,562,255,720
Scrshot_861.jpg,1280,720,hat,105,583,255,720
Scrshot_862.jpg,1280,720,hat,145,10,226,150
Scrshot_863.jpg,1280,720,hat,119,590,252,720
Scrshot_864.jpg,1280,720,hat,127,583,249,720
Scrshot_865.jpg,1280,720,hat,113,580,253,720
Scrshot_866.jpg,1280,720,hat,98,573,253,720
Scrshot_87.jpg,1280,720,hat,533,1,662,187
Scrshot_88.jpg,1280,720,hat,561,1,673,91
Scrshot_888.jpg,1280,720,no_hat,1,473,171,659
Scrshot_889.jpg,1280,720,no_hat,431,357,595,614
Scrshot_89.jpg,1280,720,no_hat,375,1,517,142
Scrshot_89.jpg,1280,720,no_hat,491,1,571,64
Scrshot_890.jpg,1280,720,no_hat,290,35,379,174
Scrshot_891.jpg,1280,720,no_hat,520,205,642,458
Scrshot_892.jpg,1280,720,no_hat,557,146,687,358
Scrshot_893.jpg,1280,720,no_hat,102,377,256,603
Scrshot_894.jpg,1280,720,hat,334,46,439,201
Scrshot_894.jpg,1280,720,hat,280,2,360,164
Scrshot_895.jpg,1280,720,hat,417,44,497,165
Scrshot_895.jpg,1280,720,hat,1,183,65,381
Scrshot_895.jpg,1280,720,no_hat,495,1,567,70
Scrshot_896.jpg,1280,720,hat,215,505,473,709
Scrshot_897.jpg,1280,720,hat,276,44,345,177
Scrshot_897.jpg,1280,720,no_hat,523,1,609,72
Scrshot_898.jpg,1280,720,hat,1,44,56,154
Scrshot_899.jpg,1280,720,hat,132,39,220,154
Scrshot_9.jpg,1280,720,hat,602,13,734,144
Scrshot_90.jpg,1280,720,no_hat,624,22,765,221
Scrshot_900.jpg,1280,720,hat,124,20,217,164
Scrshot_901.jpg,1280,720,hat,110,17,212,162
Scrshot_901.jpg,1280,720,no_hat,629,1,695,59
Scrshot_902.jpg,1280,720,hat,395,36,501,209
Scrshot_903.jpg,1280,720,hat,390,43,502,195
Scrshot_903.jpg,1280,720,no_hat,533,1,624,83
Scrshot_904.jpg,1280,720,hat,238,20,315,138
Scrshot_904.jpg,1280,720,no_hat,490,1,553,91
Scrshot_908.jpg,1280,720,hat,80,13,156,125
Scrshot_909.jpg,1280,720,hat,154,32,227,159
Scrshot_91.jpg,1280,720,no_hat,709,38,805,161
Scrshot_91.jpg,1280,720,hat,424,1,545,74
Scrshot_910.jpg,1280,720,no_hat,586,1,662,50
Scrshot_911.jpg,1280,720,hat,145,21,242,148
Scrshot_912.jpg,1280,720,hat,82,7,141,144
Scrshot_912.jpg,1280,720,no_hat,490,1,586,87
Scrshot_913.jpg,1280,720,hat,238,3,323,161
Scrshot_914.jpg,1280,720,hat,120,2,202,128
Scrshot_915.jpg,1280,720,hat,379,16,489,164
Scrshot_916.jpg,1280,720,hat,524,38,641,220
Scrshot_917.jpg,1280,720,hat,178,28,254,166
Scrshot_918.jpg,1280,720,no_hat,617,1,697,61
Scrshot_919.jpg,1280,720,hat,541,201,708,455
Scrshot_919.jpg,1280,720,hat,161,20,287,201
Scrshot_92.jpg,1280,720,no_hat,632,1,750,135
Scrshot_920.jpg,1280,720,hat,532,187,709,417
Scrshot_920.jpg,1280,720,hat,431,31,534,209
Scrshot_921.jpg,1280,720,no_hat,559,1,623,79
Scrshot_923.jpg,1280,720,hat,321,158,464,411
Scrshot_923.jpg,1280,720,hat,30,17,138,169
Scrshot_923.jpg,1280,720,no_hat,536,1,605,84
Scrshot_924.jpg,1280,720,hat,287,73,384,242
Scrshot_924.jpg,1280,720,hat,205,1,282,132
Scrshot_925.jpg,1280,720,hat,353,165,510,347
Scrshot_925.jpg,1280,720,hat,246,1,350,136
Scrshot_926.jpg,1280,720,hat,245,38,353,199
Scrshot_927.jpg,1280,720,hat,287,20,386,140
Scrshot_928.jpg,1280,720,hat,119,24,201,157
Scrshot_928.jpg,1280,720,hat,594,109,713,307
Scrshot_929.jpg,1280,720,hat,227,36,279,153
Scrshot_929.jpg,1280,720,hat,594,329,809,465
Scrshot_93.jpg,1280,720,hat,1,38,208,390
Scrshot_93.jpg,1280,720,no_hat,622,1,712,46
Scrshot_930.jpg,1280,720,hat,623,258,806,462
Scrshot_930.jpg,1280,720,hat,279,13,373,166
Scrshot_931.jpg,1280,720,hat,204,14,316,155
Scrshot_932.jpg,1280,720,hat,352,305,506,579
Scrshot_932.jpg,1280,720,hat,260,10,320,146
Scrshot_932.jpg,1280,720,no_hat,601,1,672,64
Scrshot_932.jpg,1280,720,no_hat,505,1,584,51
Scrshot_933.jpg,1280,720,hat,609,251,819,411
Scrshot_933.jpg,1280,720,hat,276,1,373,157
Scrshot_934.jpg,1280,720,hat,289,9,386,140
Scrshot_934.jpg,1280,720,hat,650,250,791,498
Scrshot_934.jpg,1280,720,no_hat,482,1,538,64
Scrshot_935.jpg,1280,720,hat,221,1,336,154
Scrshot_935.jpg,1280,720,hat,669,220,886,376
Scrshot_935.jpg,1280,720,no_hat,469,1,546,50
Scrshot_936.jpg,1280,720,hat,82,3,143,146
Scrshot_936.jpg,1280,720,hat,1,515,121,630
Scrshot_937.jpg,1280,720,hat,395,513,638,688
Scrshot_937.jpg,1280,720,hat,495,20,582,161
Scrshot_937.jpg,1280,720,hat,1,35,69,120
Scrshot_938.jpg,1280,720,hat,84,14,165,157
Scrshot_938.jpg,1280,720,hat,386,543,602,703
Scrshot_938.jpg,1280,720,hat,686,157,872,361
Scrshot_938.jpg,1280,720,no_hat,665,1,752,59
Scrshot_939.jpg,1280,720,hat,109,20,198,150
Scrshot_94.jpg,1280,720,no_hat,274,1,531,329
Scrshot_940.jpg,1280,720,hat,317,13,449,166
Scrshot_940.jpg,1280,720,hat,52,72,124,187
Scrshot_941.jpg,1280,720,hat,158,13,264,183
Scrshot_941.jpg,1280,720,hat,608,159,735,372
Scrshot_941.jpg,1280,720,hat,1,149,61,261
Scrshot_942.jpg,1280,720,hat,369,480,524,661
Scrshot_942.jpg,1280,720,hat,86,606,202,720
Scrshot_942.jpg,1280,720,hat,67,24,132,150
Scrshot_943.jpg,1280,720,hat,295,492,457,670
Scrshot_943.jpg,1280,720,hat,621,259,771,425
Scrshot_943.jpg,1280,720,hat,65,14,153,144
Scrshot_944.jpg,1280,720,hat,347,518,549,692
Scrshot_944.jpg,1280,720,hat,78,17,186,162
Scrshot_944.jpg,1280,720,no_hat,544,1,612,77
Scrshot_944.jpg,1280,720,hat,715,206,897,394
Scrshot_945.jpg,1280,720,hat,493,64,571,198
Scrshot_945.jpg,1280,720,hat,39,22,115,142
Scrshot_945.jpg,1280,720,hat,78,529,267,690
Scrshot_946.jpg,1280,720,hat,321,488,530,666
Scrshot_946.jpg,1280,720,hat,359,1,471,183
Scrshot_946.jpg,1280,720,hat,680,244,865,391
Scrshot_947.jpg,1280,720,hat,671,213,887,399
Scrshot_947.jpg,1280,720,hat,105,31,189,164
Scrshot_948.jpg,1280,720,hat,439,279,586,448
Scrshot_948.jpg,1280,720,hat,213,10,315,151
Scrshot_948.jpg,1280,720,hat,1,20,45,111
Scrshot_949.jpg,1280,720,hat,439,520,628,644
Scrshot_949.jpg,1280,720,hat,161,43,301,235
Scrshot_949.jpg,1280,720,hat,1,17,76,122
Scrshot_95.jpg,1280,720,no_hat,678,1,760,121
Scrshot_95.jpg,1280,720,no_hat,441,1,539,50
Scrshot_950.jpg,1280,720,hat,473,390,635,590
Scrshot_950.jpg,1280,720,hat,658,113,802,351
Scrshot_950.jpg,1280,720,hat,97,17,182,144
Scrshot_951.jpg,1280,720,hat,452,522,625,677
Scrshot_951.jpg,1280,720,hat,1,398,78,503
Scrshot_952.jpg,1280,720,hat,486,468,697,655
Scrshot_953.jpg,1280,720,hat,273,514,497,720
Scrshot_953.jpg,1280,720,hat,104,222,179,339
Scrshot_954.jpg,1280,720,hat,230,380,410,555
Scrshot_954.jpg,1280,720,hat,504,191,642,390
Scrshot_954.jpg,1280,720,hat,56,29,153,144
Scrshot_955.jpg,1280,720,hat,136,20,224,211
Scrshot_956.jpg,1280,720,hat,541,202,687,402
Scrshot_956.jpg,1280,720,hat,219,22,302,162
Scrshot_957.jpg,1280,720,hat,609,151,723,385
Scrshot_957.jpg,1280,720,hat,52,1,150,140
Scrshot_958.jpg,1280,720,hat,742,194,912,332
Scrshot_958.jpg,1280,720,hat,113,57,221,164
Scrshot_959.jpg,1280,720,hat,708,206,902,362
Scrshot_959.jpg,1280,720,hat,106,43,206,169
Scrshot_96.jpg,1280,720,hat,261,158,580,485
Scrshot_96.jpg,1280,720,hat,625,1,767,121
Scrshot_960.jpg,1280,720,hat,687,209,894,366
Scrshot_960.jpg,1280,720,hat,106,53,205,161
Scrshot_961.jpg,1280,720,hat,94,43,184,157
Scrshot_962.jpg,1280,720,hat,101,36,176,159
Scrshot_963.jpg,1280,720,hat,638,84,812,279
Scrshot_964.jpg,1280,720,hat,375,224,515,480
Scrshot_965.jpg,1280,720,hat,160,64,295,181
Scrshot_966.jpg,1280,720,hat,95,95,173,240
Scrshot_967.jpg,1280,720,hat,665,172,842,387
Scrshot_967.jpg,1280,720,hat,113,17,239,151
Scrshot_968.jpg,1280,720,hat,120,29,205,148
Scrshot_969.jpg,1280,720,hat,260,51,375,196
Scrshot_97.jpg,1280,720,hat,675,55,794,185
Scrshot_970.jpg,1280,720,hat,717,158,869,353
Scrshot_970.jpg,1280,720,hat,214,44,321,162
Scrshot_971.jpg,1280,720,hat,285,1,376,128
Scrshot_972.jpg,1280,720,hat,402,35,489,184
Scrshot_973.jpg,1280,720,hat,676,151,858,340
Scrshot_973.jpg,1280,720,hat,102,22,190,155
Scrshot_974.jpg,1280,720,hat,693,114,838,314
Scrshot_974.jpg,1280,720,hat,265,70,353,164
Scrshot_974.jpg,1280,720,hat,46,39,124,158
Scrshot_975.jpg,1280,720,hat,665,221,858,398
Scrshot_975.jpg,1280,720,hat,120,51,209,162
Scrshot_976.jpg,1280,720,hat,536,395,736,590
Scrshot_976.jpg,1280,720,hat,89,43,186,161
Scrshot_976.jpg,1280,720,hat,16,35,87,127
Scrshot_977.jpg,1280,720,hat,587,351,784,525
Scrshot_977.jpg,1280,720,hat,71,16,160,144
Scrshot_978.jpg,1280,720,hat,642,185,813,396
Scrshot_979.jpg,1280,720,hat,621,206,842,427
Scrshot_979.jpg,1280,720,hat,178,68,257,172
Scrshot_979.jpg,1280,720,hat,95,17,172,161
Scrshot_98.jpg,1280,720,hat,215,84,584,399
Scrshot_980.jpg,1280,720,hat,189,70,275,177
Scrshot_980.jpg,1280,720,hat,99,27,187,172
Scrshot_980.jpg,1280,720,hat,658,166,867,353
Scrshot_981.jpg,1280,720,hat,104,43,175,168
Scrshot_982.jpg,1280,720,hat,570,184,711,418
Scrshot_982.jpg,1280,720,hat,352,402,539,614
Scrshot_983.jpg,1280,720,hat,678,102,841,320
Scrshot_983.jpg,1280,720,hat,53,20,143,151
Scrshot_984.jpg,1280,720,hat,577,369,808,517
Scrshot_984.jpg,1280,720,hat,45,10,147,135
Scrshot_985.jpg,1280,720,hat,515,376,750,539
Scrshot_985.jpg,1280,720,hat,73,6,171,142
Scrshot_986.jpg,1280,720,hat,630,211,820,383
Scrshot_986.jpg,1280,720,hat,210,27,309,158
Scrshot_987.jpg,1280,720,hat,675,170,835,339
Scrshot_987.jpg,1280,720,hat,176,9,278,142
Scrshot_988.jpg,1280,720,hat,561,399,760,528
Scrshot_988.jpg,1280,720,hat,241,17,346,144
Scrshot_989.jpg,1280,720,hat,706,235,865,364
Scrshot_989.jpg,1280,720,hat,142,1,246,136
Scrshot_99.jpg,1280,720,hat,621,1,769,150
Scrshot_990.jpg,1280,720,hat,332,22,460,176
Scrshot_990.jpg,1280,720,hat,119,22,246,147
Scrshot_991.jpg,1280,720,hat,560,394,782,543
Scrshot_991.jpg,1280,720,hat,187,17,282,151
Scrshot_992.jpg,1280,720,hat,83,25,153,136
Scrshot_992.jpg,1280,720,hat,713,158,889,357
Scrshot_992.jpg,1280,720,hat,1,82,68,155
Scrshot_993.jpg,1280,720,hat,695,187,927,350
Scrshot_993.jpg,1280,720,hat,120,6,217,150
Scrshot_994.jpg,1280,720,hat,678,150,856,350
Scrshot_994.jpg,1280,720,hat,83,6,173,122
Scrshot_995.jpg,1280,720,hat,234,17,323,146
Scrshot_996.jpg,1280,720,hat,198,17,287,170
Scrshot_996.jpg,1280,720,hat,423,14,502,95
Scrshot_998.jpg,1280,720,hat,671,184,879,365
Scrshot_999.jpg,1280,720,hat,673,128,828,333
